Model,RMSE,MAE,R2,Target
RandomForest,87.62507480463864,56.39171111111111,0.7002993571203111,Price
GradientBoosting,95.8418373391361,62.15806961125588,0.641457095222838,Price
XGBoost,99.05080397174184,64.2065032280816,0.6170457611681285,Price
GradientBoosting,198.78062821305483,137.14422359106385,0.9562823636876411,Production
XGBoost,207.51272319606508,145.79704752683642,0.9523571191134468,Production
RandomForest,240.92239005327804,167.62621666666737,0.9357810972203968,Production
GradientBoosting,109.84000448281743,72.3799890680684,0.5754797416482373,Rainfall
XGBoost,110.74060580173663,76.58813802401225,0.5684897404763489,Rainfall
RandomForest,130.7993529683222,86.85402083333342,0.3980110392631019,Rainfall
