Date,District,Crop,Price,MonthNum,Season,Year
2021-01-04,Kandy,Beans,175.0,1,Maha,2021
2021-01-04,Kandy,Cabbage,65.0,1,Maha,2021
2021-01-04,Kandy,Carrots,125.0,1,Maha,2021
2021-01-04,Kandy,Leeks,75.0,1,Maha,2021
2021-01-04,Kandy,Okra,75.0,1,Maha,2021
2021-01-04,Matale,Beans,165.0,1,Maha,2021
2021-01-04,Matale,Cabbage,75.0,1,Maha,2021
2021-01-04,Matale,Carrots,120.0,1,Maha,2021
2021-01-04,Matale,Leeks,75.0,1,Maha,2021
2021-01-04,Matale,Okra,55.0,1,Maha,2021
2021-01-07,Kandy,Beans,165.0,1,Maha,2021
2021-01-07,Kandy,Cabbage,125.0,1,Maha,2021
2021-01-07,Kandy,Carrots,135.0,1,Maha,2021
2021-01-07,Kandy,Leeks,165.0,1,Maha,2021
2021-01-07,Kandy,Okra,115.0,1,Maha,2021
2021-01-07,Matale,Beans,145.0,1,Maha,2021
2021-01-07,Matale,Cabbage,115.0,1,Maha,2021
2021-01-07,Matale,Carrots,135.0,1,Maha,2021
2021-01-07,Matale,Leeks,160.0,1,Maha,2021
2021-01-07,Matale,Okra,105.0,1,Maha,2021
2021-01-28,Kandy,Beans,195.0,1,Maha,2021
2021-01-28,Kandy,Cabbage,440.0,1,Maha,2021
2021-01-28,Kandy,Carrots,135.0,1,Maha,2021
2021-01-28,Kandy,Leeks,55.0,1,Maha,2021
2021-01-28,Kandy,Okra,170.0,1,Maha,2021
2021-02-12,Kandy,Beans,210.0,2,Maha,2021
2021-02-12,Kandy,Cabbage,245.0,2,Maha,2021
2021-02-12,Kandy,Carrots,285.0,2,Maha,2021
2021-02-12,Kandy,Leeks,260.0,2,Maha,2021
2021-02-12,Kandy,Okra,145.0,2,Maha,2021
2021-02-12,Matale,Beans,250.0,2,Maha,2021
2021-02-12,Matale,Cabbage,240.0,2,Maha,2021
2021-02-12,Matale,Carrots,255.0,2,Maha,2021
2021-02-12,Matale,Leeks,230.0,2,Maha,2021
2021-02-12,Matale,Okra,110.0,2,Maha,2021
2021-02-18,Kandy,Beans,135.0,2,Maha,2021
2021-02-18,Kandy,Cabbage,70.0,2,Maha,2021
2021-02-18,Kandy,Carrots,145.0,2,Maha,2021
2021-02-18,Kandy,Leeks,85.0,2,Maha,2021
2021-02-18,Kandy,Okra,155.0,2,Maha,2021
2021-02-18,Matale,Beans,125.0,2,Maha,2021
2021-02-18,Matale,Cabbage,55.0,2,Maha,2021
2021-02-18,Matale,Carrots,130.0,2,Maha,2021
2021-02-18,Matale,Leeks,95.0,2,Maha,2021
2021-02-18,Matale,Okra,145.0,2,Maha,2021
2021-02-25,Kandy,Beans,125.0,2,Maha,2021
2021-02-25,Kandy,Cabbage,55.0,2,Maha,2021
2021-02-25,Kandy,Carrots,105.0,2,Maha,2021
2021-02-25,Kandy,Leeks,85.0,2,Maha,2021
2021-02-25,Kandy,Okra,115.0,2,Maha,2021
2021-02-25,Matale,Beans,155.0,2,Maha,2021
2021-02-25,Matale,Cabbage,65.0,2,Maha,2021
2021-02-25,Matale,Carrots,115.0,2,Maha,2021
2021-02-25,Matale,Leeks,95.0,2,Maha,2021
2021-02-25,Matale,Okra,130.0,2,Maha,2021
2021-03-18,Kandy,Beans,190.0,3,Maha,2021
2021-03-18,Kandy,Cabbage,70.0,3,Maha,2021
2021-03-18,Kandy,Carrots,135.0,3,Maha,2021
2021-03-18,Kandy,Leeks,95.0,3,Maha,2021
2021-03-18,Kandy,Okra,95.0,3,Maha,2021
2021-03-18,Matale,Beans,190.0,3,Maha,2021
2021-03-18,Matale,Cabbage,75.0,3,Maha,2021
2021-03-18,Matale,Carrots,135.0,3,Maha,2021
2021-03-18,Matale,Leeks,75.0,3,Maha,2021
2021-03-18,Matale,Okra,85.0,3,Maha,2021
2021-03-25,Kandy,Beans,175.0,3,Maha,2021
2021-03-25,Kandy,Cabbage,65.0,3,Maha,2021
2021-03-25,Kandy,Carrots,135.0,3,Maha,2021
2021-03-25,Kandy,Leeks,75.0,3,Maha,2021
2021-03-25,Kandy,Okra,85.0,3,Maha,2021
2021-03-25,Matale,Beans,145.0,3,Maha,2021
2021-03-25,Matale,Cabbage,75.0,3,Maha,2021
2021-03-25,Matale,Carrots,125.0,3,Maha,2021
2021-03-25,Matale,Leeks,75.0,3,Maha,2021
2021-03-25,Matale,Okra,85.0,3,Maha,2021
2021-04-02,Matale,Beans,145.0,4,Yala,2021
2021-04-02,Matale,Cabbage,75.0,4,Yala,2021
2021-04-02,Matale,Carrots,125.0,4,Yala,2021
2021-04-02,Matale,Leeks,75.0,4,Yala,2021
2021-04-02,Matale,Okra,85.0,4,Yala,2021
2021-04-03,Kandy,Beans,115.0,4,Yala,2021
2021-04-03,Kandy,Cabbage,85.0,4,Yala,2021
2021-04-03,Kandy,Carrots,155.0,4,Yala,2021
2021-04-03,Kandy,Leeks,85.0,4,Yala,2021
2021-04-03,Kandy,Okra,115.0,4,Yala,2021
2021-04-03,Matale,Beans,140.0,4,Yala,2021
2021-04-03,Matale,Cabbage,90.0,4,Yala,2021
2021-04-03,Matale,Carrots,135.0,4,Yala,2021
2021-04-03,Matale,Leeks,95.0,4,Yala,2021
2021-04-03,Matale,Okra,90.0,4,Yala,2021
2021-04-11,Kandy,Beans,170.0,4,Yala,2021
2021-04-11,Kandy,Cabbage,90.0,4,Yala,2021
2021-04-11,Kandy,Carrots,155.0,4,Yala,2021
2021-04-11,Kandy,Leeks,195.0,4,Yala,2021
2021-04-11,Kandy,Okra,105.0,4,Yala,2021
2021-04-11,Matale,Beans,120.0,4,Yala,2021
2021-04-11,Matale,Cabbage,85.0,4,Yala,2021
2021-04-11,Matale,Carrots,175.0,4,Yala,2021
2021-04-11,Matale,Leeks,170.0,4,Yala,2021
2021-04-11,Matale,Okra,85.0,4,Yala,2021
2021-04-22,Kandy,Beans,65.0,4,Yala,2021
2021-04-22,Kandy,Cabbage,65.0,4,Yala,2021
2021-04-22,Kandy,Carrots,135.0,4,Yala,2021
2021-04-22,Kandy,Leeks,75.0,4,Yala,2021
2021-04-22,Kandy,Okra,55.0,4,Yala,2021
2021-04-22,Matale,Beans,45.0,4,Yala,2021
2021-04-22,Matale,Cabbage,75.0,4,Yala,2021
2021-04-22,Matale,Carrots,115.0,4,Yala,2021
2021-04-22,Matale,Leeks,70.0,4,Yala,2021
2021-04-22,Matale,Okra,35.0,4,Yala,2021
2021-04-29,Kandy,Beans,95.0,4,Yala,2021
2021-04-29,Kandy,Cabbage,65.0,4,Yala,2021
2021-04-29,Kandy,Carrots,60.0,4,Yala,2021
2021-04-29,Kandy,Leeks,55.0,4,Yala,2021
2021-04-29,Kandy,Okra,65.0,4,Yala,2021
2021-04-29,Matale,Beans,100.0,4,Yala,2021
2021-04-29,Matale,Cabbage,65.0,4,Yala,2021
2021-04-29,Matale,Carrots,125.0,4,Yala,2021
2021-04-29,Matale,Leeks,75.0,4,Yala,2021
2021-04-29,Matale,Okra,55.0,4,Yala,2021
2021-05-08,Kandy,Beans,215.0,5,Yala,2021
2021-05-08,Kandy,Cabbage,95.0,5,Yala,2021
2021-05-08,Kandy,Carrots,95.0,5,Yala,2021
2021-05-08,Kandy,Leeks,205.0,5,Yala,2021
2021-05-08,Kandy,Okra,85.0,5,Yala,2021
2021-05-08,Matale,Beans,245.0,5,Yala,2021
2021-05-08,Matale,Cabbage,110.0,5,Yala,2021
2021-05-08,Matale,Carrots,125.0,5,Yala,2021
2021-05-08,Matale,Leeks,205.0,5,Yala,2021
2021-05-08,Matale,Okra,80.0,5,Yala,2021
2021-05-13,Kandy,Beans,95.0,5,Yala,2021
2021-05-13,Kandy,Cabbage,55.0,5,Yala,2021
2021-05-13,Kandy,Carrots,95.0,5,Yala,2021
2021-05-13,Kandy,Leeks,45.0,5,Yala,2021
2021-05-13,Kandy,Okra,55.0,5,Yala,2021
2021-05-13,Matale,Beans,245.0,5,Yala,2021
2021-05-13,Matale,Cabbage,110.0,5,Yala,2021
2021-05-13,Matale,Carrots,125.0,5,Yala,2021
2021-05-13,Matale,Leeks,205.0,5,Yala,2021
2021-05-13,Matale,Okra,80.0,5,Yala,2021
2021-05-20,Kandy,Beans,125.0,5,Yala,2021
2021-05-20,Kandy,Cabbage,75.0,5,Yala,2021
2021-05-20,Kandy,Carrots,125.0,5,Yala,2021
2021-05-20,Kandy,Leeks,65.0,5,Yala,2021
2021-05-20,Kandy,Okra,70.0,5,Yala,2021
2021-05-20,Matale,Beans,245.0,5,Yala,2021
2021-05-20,Matale,Cabbage,110.0,5,Yala,2021
2021-05-20,Matale,Carrots,125.0,5,Yala,2021
2021-05-20,Matale,Leeks,205.0,5,Yala,2021
2021-05-20,Matale,Okra,80.0,5,Yala,2021
2021-06-05,Kandy,Beans,95.0,6,Yala,2021
2021-06-05,Kandy,Cabbage,65.0,6,Yala,2021
2021-06-05,Kandy,Carrots,115.0,6,Yala,2021
2021-06-05,Kandy,Leeks,65.0,6,Yala,2021
2021-06-05,Kandy,Okra,65.0,6,Yala,2021
2021-06-05,Matale,Beans,315.0,6,Yala,2021
2021-06-05,Matale,Cabbage,140.0,6,Yala,2021
2021-06-05,Matale,Carrots,240.0,6,Yala,2021
2021-06-05,Matale,Leeks,175.0,6,Yala,2021
2021-06-05,Matale,Okra,110.0,6,Yala,2021
2021-07-10,Kandy,Beans,210.0,7,Yala,2021
2021-07-10,Kandy,Cabbage,75.0,7,Yala,2021
2021-07-10,Kandy,Carrots,85.0,7,Yala,2021
2021-07-10,Kandy,Leeks,145.0,7,Yala,2021
2021-07-10,Kandy,Okra,85.0,7,Yala,2021
2021-07-10,Matale,Beans,210.0,7,Yala,2021
2021-07-10,Matale,Cabbage,75.0,7,Yala,2021
2021-07-10,Matale,Carrots,95.0,7,Yala,2021
2021-07-10,Matale,Leeks,130.0,7,Yala,2021
2021-07-10,Matale,Okra,55.0,7,Yala,2021
2021-07-15,Kandy,Beans,205.0,7,Yala,2021
2021-07-15,Kandy,Cabbage,85.0,7,Yala,2021
2021-07-15,Kandy,Carrots,110.0,7,Yala,2021
2021-07-15,Kandy,Leeks,115.0,7,Yala,2021
2021-07-15,Kandy,Okra,105.0,7,Yala,2021
2021-07-15,Matale,Beans,185.0,7,Yala,2021
2021-07-15,Matale,Cabbage,85.0,7,Yala,2021
2021-07-15,Matale,Carrots,105.0,7,Yala,2021
2021-07-15,Matale,Leeks,110.0,7,Yala,2021
2021-07-15,Matale,Okra,95.0,7,Yala,2021
2021-07-22,Kandy,Beans,210.0,7,Yala,2021
2021-07-22,Kandy,Cabbage,90.0,7,Yala,2021
2021-07-22,Kandy,Carrots,95.0,7,Yala,2021
2021-07-22,Kandy,Leeks,135.0,7,Yala,2021
2021-07-22,Kandy,Okra,105.0,7,Yala,2021
2021-07-22,Matale,Beans,235.0,7,Yala,2021
2021-07-22,Matale,Cabbage,90.0,7,Yala,2021
2021-07-22,Matale,Carrots,100.0,7,Yala,2021
2021-07-22,Matale,Leeks,140.0,7,Yala,2021
2021-07-22,Matale,Okra,90.0,7,Yala,2021
2021-07-29,Kandy,Beans,245.0,7,Yala,2021
2021-07-29,Kandy,Cabbage,110.0,7,Yala,2021
2021-07-29,Kandy,Carrots,125.0,7,Yala,2021
2021-07-29,Kandy,Leeks,175.0,7,Yala,2021
2021-07-29,Kandy,Okra,105.0,7,Yala,2021
2021-07-29,Matale,Beans,245.0,7,Yala,2021
2021-07-29,Matale,Cabbage,95.0,7,Yala,2021
2021-07-29,Matale,Carrots,130.0,7,Yala,2021
2021-07-29,Matale,Leeks,180.0,7,Yala,2021
2021-07-29,Matale,Okra,105.0,7,Yala,2021
2021-08-04,Kandy,Beans,165.0,8,Yala,2021
2021-08-04,Kandy,Cabbage,75.0,8,Yala,2021
2021-08-04,Kandy,Carrots,135.0,8,Yala,2021
2021-08-04,Kandy,Leeks,75.0,8,Yala,2021
2021-08-04,Kandy,Okra,65.0,8,Yala,2021
2021-08-04,Matale,Beans,105.0,8,Yala,2021
2021-08-04,Matale,Cabbage,65.0,8,Yala,2021
2021-08-04,Matale,Carrots,85.0,8,Yala,2021
2021-08-04,Matale,Leeks,65.0,8,Yala,2021
2021-08-04,Matale,Okra,55.0,8,Yala,2021
2021-08-07,Kandy,Beans,145.0,8,Yala,2021
2021-08-07,Kandy,Cabbage,110.0,8,Yala,2021
2021-08-07,Kandy,Carrots,110.0,8,Yala,2021
2021-08-07,Kandy,Leeks,155.0,8,Yala,2021
2021-08-07,Kandy,Okra,95.0,8,Yala,2021
2021-08-07,Matale,Beans,110.0,8,Yala,2021
2021-08-07,Matale,Cabbage,100.0,8,Yala,2021
2021-08-07,Matale,Carrots,95.0,8,Yala,2021
2021-08-07,Matale,Leeks,110.0,8,Yala,2021
2021-08-07,Matale,Okra,105.0,8,Yala,2021
2021-08-19,Kandy,Beans,195.0,8,Yala,2021
2021-08-19,Kandy,Cabbage,110.0,8,Yala,2021
2021-08-19,Kandy,Carrots,95.0,8,Yala,2021
2021-08-19,Kandy,Leeks,175.0,8,Yala,2021
2021-08-19,Kandy,Okra,55.0,8,Yala,2021
2021-08-19,Matale,Beans,195.0,8,Yala,2021
2021-08-19,Matale,Cabbage,110.0,8,Yala,2021
2021-08-19,Matale,Carrots,95.0,8,Yala,2021
2021-08-19,Matale,Leeks,175.0,8,Yala,2021
2021-08-19,Matale,Okra,55.0,8,Yala,2021
2021-09-09,Kandy,Beans,130.0,9,Yala,2021
2021-09-09,Kandy,Cabbage,90.0,9,Yala,2021
2021-09-09,Kandy,Carrots,90.0,9,Yala,2021
2021-09-09,Kandy,Leeks,160.0,9,Yala,2021
2021-09-09,Kandy,Okra,40.0,9,Yala,2021
2021-09-09,Matale,Beans,135.0,9,Yala,2021
2021-09-09,Matale,Cabbage,90.0,9,Yala,2021
2021-09-09,Matale,Carrots,90.0,9,Yala,2021
2021-09-09,Matale,Leeks,160.0,9,Yala,2021
2021-09-09,Matale,Okra,30.0,9,Yala,2021
2021-09-16,Kandy,Beans,130.0,9,Yala,2021
2021-09-16,Kandy,Cabbage,80.0,9,Yala,2021
2021-09-16,Kandy,Carrots,95.0,9,Yala,2021
2021-09-16,Kandy,Leeks,175.0,9,Yala,2021
2021-09-16,Kandy,Okra,45.0,9,Yala,2021
2021-09-16,Matale,Beans,90.0,9,Yala,2021
2021-09-16,Matale,Cabbage,80.0,9,Yala,2021
2021-09-16,Matale,Carrots,70.0,9,Yala,2021
2021-09-16,Matale,Leeks,165.0,9,Yala,2021
2021-09-16,Matale,Okra,50.0,9,Yala,2021
2021-09-23,Kandy,Beans,125.0,9,Yala,2021
2021-09-23,Kandy,Cabbage,80.0,9,Yala,2021
2021-09-23,Kandy,Carrots,95.0,9,Yala,2021
2021-09-23,Kandy,Leeks,175.0,9,Yala,2021
2021-09-23,Kandy,Okra,55.0,9,Yala,2021
2021-09-23,Matale,Beans,105.0,9,Yala,2021
2021-09-23,Matale,Cabbage,95.0,9,Yala,2021
2021-09-23,Matale,Carrots,75.0,9,Yala,2021
2021-09-23,Matale,Leeks,145.0,9,Yala,2021
2021-09-23,Matale,Okra,45.0,9,Yala,2021
2021-09-30,Kandy,Beans,125.0,9,Yala,2021
2021-09-30,Kandy,Cabbage,80.0,9,Yala,2021
2021-09-30,Kandy,Carrots,75.0,9,Yala,2021
2021-09-30,Kandy,Leeks,135.0,9,Yala,2021
2021-09-30,Kandy,Okra,55.0,9,Yala,2021
2021-09-30,Matale,Beans,155.0,9,Yala,2021
2021-09-30,Matale,Cabbage,80.0,9,Yala,2021
2021-09-30,Matale,Carrots,75.0,9,Yala,2021
2021-09-30,Matale,Leeks,135.0,9,Yala,2021
2021-09-30,Matale,Okra,45.0,9,Yala,2021
2021-10-14,Kandy,Beans,275.0,10,Maha,2021
2021-10-14,Kandy,Cabbage,60.0,10,Maha,2021
2021-10-14,Kandy,Carrots,85.0,10,Maha,2021
2021-10-14,Kandy,Leeks,125.0,10,Maha,2021
2021-10-14,Kandy,Okra,95.0,10,Maha,2021
2021-10-14,Matale,Beans,230.0,10,Maha,2021
2021-10-14,Matale,Cabbage,80.0,10,Maha,2021
2021-10-14,Matale,Carrots,110.0,10,Maha,2021
2021-10-14,Matale,Leeks,185.0,10,Maha,2021
2021-10-14,Matale,Okra,95.0,10,Maha,2021
2021-10-21,Kandy,Beans,235.0,10,Maha,2021
2021-10-21,Kandy,Cabbage,80.0,10,Maha,2021
2021-10-21,Kandy,Carrots,85.0,10,Maha,2021
2021-10-21,Kandy,Leeks,165.0,10,Maha,2021
2021-10-21,Kandy,Okra,105.0,10,Maha,2021
2021-10-21,Matale,Beans,190.0,10,Maha,2021
2021-10-21,Matale,Cabbage,75.0,10,Maha,2021
2021-10-21,Matale,Carrots,100.0,10,Maha,2021
2021-10-21,Matale,Leeks,160.0,10,Maha,2021
2021-10-21,Matale,Okra,95.0,10,Maha,2021
2021-10-28,Kandy,Beans,160.0,10,Maha,2021
2021-10-28,Kandy,Cabbage,90.0,10,Maha,2021
2021-10-28,Kandy,Carrots,115.0,10,Maha,2021
2021-10-28,Kandy,Leeks,195.0,10,Maha,2021
2021-10-28,Kandy,Okra,115.0,10,Maha,2021
2021-10-28,Matale,Beans,180.0,10,Maha,2021
2021-10-28,Matale,Cabbage,75.0,10,Maha,2021
2021-10-28,Matale,Carrots,120.0,10,Maha,2021
2021-10-28,Matale,Leeks,215.0,10,Maha,2021
2021-10-28,Matale,Okra,90.0,10,Maha,2021
2021-11-02,Matale,Beans,110.0,11,Maha,2021
2021-11-02,Matale,Cabbage,55.0,11,Maha,2021
2021-11-02,Matale,Carrots,155.0,11,Maha,2021
2021-11-02,Matale,Leeks,90.0,11,Maha,2021
2021-11-02,Matale,Okra,125.0,11,Maha,2021
2021-11-11,Kandy,Beans,230.0,11,Maha,2021
2021-11-11,Kandy,Cabbage,90.0,11,Maha,2021
2021-11-11,Kandy,Carrots,190.0,11,Maha,2021
2021-11-11,Kandy,Leeks,205.0,11,Maha,2021
2021-11-11,Kandy,Okra,115.0,11,Maha,2021
2021-11-11,Matale,Beans,265.0,11,Maha,2021
2021-11-11,Matale,Cabbage,110.0,11,Maha,2021
2021-11-11,Matale,Carrots,200.0,11,Maha,2021
2021-11-11,Matale,Leeks,190.0,11,Maha,2021
2021-11-11,Matale,Okra,105.0,11,Maha,2021
2021-11-18,Kandy,Beans,365.0,11,Maha,2021
2021-11-18,Kandy,Cabbage,120.0,11,Maha,2021
2021-11-18,Kandy,Carrots,210.0,11,Maha,2021
2021-11-18,Kandy,Leeks,205.0,11,Maha,2021
2021-11-18,Kandy,Okra,135.0,11,Maha,2021
2021-11-18,Matale,Beans,415.0,11,Maha,2021
2021-11-18,Matale,Cabbage,135.0,11,Maha,2021
2021-11-18,Matale,Carrots,250.0,11,Maha,2021
2021-11-18,Matale,Leeks,225.0,11,Maha,2021
2021-11-18,Matale,Okra,155.0,11,Maha,2021
2021-11-25,Kandy,Beans,350.0,11,Maha,2021
2021-11-25,Kandy,Cabbage,195.0,11,Maha,2021
2021-11-25,Kandy,Carrots,310.0,11,Maha,2021
2021-11-25,Kandy,Leeks,335.0,11,Maha,2021
2021-11-25,Kandy,Okra,195.0,11,Maha,2021
2021-11-25,Matale,Beans,325.0,11,Maha,2021
2021-11-25,Matale,Cabbage,205.0,11,Maha,2021
2021-11-25,Matale,Carrots,310.0,11,Maha,2021
2021-11-25,Matale,Leeks,370.0,11,Maha,2021
2021-11-25,Matale,Okra,175.0,11,Maha,2021
2021-12-08,Kandy,Beans,215.0,12,Maha,2021
2021-12-08,Kandy,Cabbage,95.0,12,Maha,2021
2021-12-08,Kandy,Carrots,95.0,12,Maha,2021
2021-12-08,Kandy,Leeks,205.0,12,Maha,2021
2021-12-08,Kandy,Okra,85.0,12,Maha,2021
2021-12-08,Matale,Beans,245.0,12,Maha,2021
2021-12-08,Matale,Cabbage,110.0,12,Maha,2021
2021-12-08,Matale,Carrots,125.0,12,Maha,2021
2021-12-08,Matale,Leeks,205.0,12,Maha,2021
2021-12-08,Matale,Okra,80.0,12,Maha,2021
2021-12-16,Kandy,Beans,370.0,12,Maha,2021
2021-12-16,Kandy,Cabbage,285.0,12,Maha,2021
2021-12-16,Kandy,Carrots,385.0,12,Maha,2021
2021-12-16,Kandy,Leeks,270.0,12,Maha,2021
2021-12-16,Kandy,Okra,135.0,12,Maha,2021
2021-12-16,Matale,Beans,345.0,12,Maha,2021
2021-12-16,Matale,Cabbage,280.0,12,Maha,2021
2021-12-16,Matale,Carrots,335.0,12,Maha,2021
2021-12-16,Matale,Leeks,260.0,12,Maha,2021
2021-12-16,Matale,Okra,125.0,12,Maha,2021
2021-12-23,Kandy,Beans,370.0,12,Maha,2021
2021-12-23,Kandy,Cabbage,285.0,12,Maha,2021
2021-12-23,Kandy,Carrots,385.0,12,Maha,2021
2021-12-23,Kandy,Leeks,270.0,12,Maha,2021
2021-12-23,Kandy,Okra,135.0,12,Maha,2021
2021-12-23,Matale,Beans,250.0,12,Maha,2021
2021-12-23,Matale,Cabbage,235.0,12,Maha,2021
2021-12-23,Matale,Carrots,325.0,12,Maha,2021
2021-12-23,Matale,Leeks,240.0,12,Maha,2021
2021-12-23,Matale,Okra,110.0,12,Maha,2021
2021-12-30,Kandy,Beans,370.0,12,Maha,2021
2021-12-30,Kandy,Cabbage,285.0,12,Maha,2021
2021-12-30,Kandy,Carrots,385.0,12,Maha,2021
2021-12-30,Kandy,Leeks,270.0,12,Maha,2021
2021-12-30,Kandy,Okra,135.0,12,Maha,2021
2021-12-30,Matale,Beans,345.0,12,Maha,2021
2021-12-30,Matale,Cabbage,210.0,12,Maha,2021
2021-12-30,Matale,Carrots,415.0,12,Maha,2021
2021-12-30,Matale,Leeks,210.0,12,Maha,2021
2021-12-30,Matale,Okra,125.0,12,Maha,2021
2022-01-09,Kandy,Beans,260.0,1,Maha,2022
2022-01-09,Kandy,Cabbage,305.0,1,Maha,2022
2022-01-09,Kandy,Carrots,270.0,1,Maha,2022
2022-01-09,Kandy,Leeks,160.0,1,Maha,2022
2022-01-09,Kandy,Okra,75.0,1,Maha,2022
2022-01-09,Matale,Beans,235.0,1,Maha,2022
2022-01-09,Matale,Cabbage,295.0,1,Maha,2022
2022-01-09,Matale,Carrots,275.0,1,Maha,2022
2022-01-09,Matale,Leeks,150.0,1,Maha,2022
2022-01-09,Matale,Okra,65.0,1,Maha,2022
2022-01-12,Kandy,Beans,255.0,1,Maha,2022
2022-01-12,Kandy,Cabbage,155.0,1,Maha,2022
2022-01-12,Kandy,Carrots,350.0,1,Maha,2022
2022-01-12,Kandy,Leeks,365.0,1,Maha,2022
2022-01-12,Kandy,Okra,120.0,1,Maha,2022
2022-01-12,Matale,Beans,245.0,1,Maha,2022
2022-01-12,Matale,Cabbage,190.0,1,Maha,2022
2022-01-12,Matale,Carrots,345.0,1,Maha,2022
2022-01-12,Matale,Leeks,385.0,1,Maha,2022
2022-01-12,Matale,Okra,60.0,1,Maha,2022
2022-01-13,Kandy,Beans,280.0,1,Maha,2022
2022-01-13,Kandy,Cabbage,200.0,1,Maha,2022
2022-01-13,Kandy,Carrots,310.0,1,Maha,2022
2022-01-13,Kandy,Leeks,195.0,1,Maha,2022
2022-01-13,Kandy,Okra,135.0,1,Maha,2022
2022-01-13,Matale,Beans,250.0,1,Maha,2022
2022-01-13,Matale,Cabbage,165.0,1,Maha,2022
2022-01-13,Matale,Carrots,240.0,1,Maha,2022
2022-01-13,Matale,Leeks,190.0,1,Maha,2022
2022-01-13,Matale,Okra,125.0,1,Maha,2022
2022-01-20,Kandy,Beans,335.0,1,Maha,2022
2022-01-20,Kandy,Cabbage,190.0,1,Maha,2022
2022-01-20,Kandy,Carrots,390.0,1,Maha,2022
2022-01-20,Kandy,Leeks,205.0,1,Maha,2022
2022-01-20,Kandy,Okra,145.0,1,Maha,2022
2022-01-20,Matale,Beans,300.0,1,Maha,2022
2022-01-20,Matale,Cabbage,165.0,1,Maha,2022
2022-01-20,Matale,Carrots,330.0,1,Maha,2022
2022-01-20,Matale,Leeks,200.0,1,Maha,2022
2022-01-20,Matale,Okra,130.0,1,Maha,2022
2022-01-27,Kandy,Beans,415.0,1,Maha,2022
2022-01-27,Kandy,Cabbage,160.0,1,Maha,2022
2022-01-27,Kandy,Carrots,335.0,1,Maha,2022
2022-01-27,Kandy,Leeks,190.0,1,Maha,2022
2022-01-27,Kandy,Okra,165.0,1,Maha,2022
2022-01-27,Matale,Beans,375.0,1,Maha,2022
2022-01-27,Matale,Cabbage,130.0,1,Maha,2022
2022-01-27,Matale,Carrots,310.0,1,Maha,2022
2022-01-27,Matale,Leeks,190.0,1,Maha,2022
2022-01-27,Matale,Okra,190.0,1,Maha,2022
2022-02-06,Kandy,Beans,515.0,2,Maha,2022
2022-02-06,Kandy,Cabbage,190.0,2,Maha,2022
2022-02-06,Kandy,Carrots,275.0,2,Maha,2022
2022-02-06,Kandy,Leeks,190.0,2,Maha,2022
2022-02-06,Kandy,Okra,225.0,2,Maha,2022
2022-02-06,Matale,Beans,575.0,2,Maha,2022
2022-02-06,Matale,Cabbage,200.0,2,Maha,2022
2022-02-06,Matale,Carrots,290.0,2,Maha,2022
2022-02-06,Matale,Leeks,150.0,2,Maha,2022
2022-02-06,Matale,Okra,265.0,2,Maha,2022
2022-02-17,Kandy,Beans,170.0,2,Maha,2022
2022-02-17,Kandy,Cabbage,140.0,2,Maha,2022
2022-02-17,Kandy,Carrots,415.0,2,Maha,2022
2022-02-17,Kandy,Leeks,110.0,2,Maha,2022
2022-02-17,Kandy,Okra,170.0,2,Maha,2022
2022-02-17,Matale,Beans,165.0,2,Maha,2022
2022-02-17,Matale,Cabbage,120.0,2,Maha,2022
2022-02-17,Matale,Carrots,360.0,2,Maha,2022
2022-02-17,Matale,Leeks,95.0,2,Maha,2022
2022-02-17,Matale,Okra,153.0,2,Maha,2022
2022-02-24,Kandy,Beans,210.0,2,Maha,2022
2022-02-24,Kandy,Cabbage,100.0,2,Maha,2022
2022-02-24,Kandy,Carrots,360.0,2,Maha,2022
2022-02-24,Kandy,Leeks,95.0,2,Maha,2022
2022-02-24,Kandy,Okra,155.0,2,Maha,2022
2022-02-24,Matale,Beans,175.0,2,Maha,2022
2022-02-24,Matale,Cabbage,70.0,2,Maha,2022
2022-02-24,Matale,Carrots,330.0,2,Maha,2022
2022-02-24,Matale,Leeks,80.0,2,Maha,2022
2022-02-24,Matale,Okra,155.0,2,Maha,2022
2022-03-02,Kandy,Beans,190.0,3,Maha,2022
2022-03-02,Kandy,Cabbage,175.0,3,Maha,2022
2022-03-02,Kandy,Carrots,335.0,3,Maha,2022
2022-03-02,Kandy,Leeks,165.0,3,Maha,2022
2022-03-02,Kandy,Okra,175.0,3,Maha,2022
2022-03-02,Matale,Beans,165.0,3,Maha,2022
2022-03-02,Matale,Cabbage,210.0,3,Maha,2022
2022-03-02,Matale,Carrots,320.0,3,Maha,2022
2022-03-02,Matale,Leeks,165.0,3,Maha,2022
2022-03-02,Matale,Okra,175.0,3,Maha,2022
2022-03-03,Kandy,Beans,190.0,3,Maha,2022
2022-03-03,Kandy,Cabbage,85.0,3,Maha,2022
2022-03-03,Kandy,Carrots,265.0,3,Maha,2022
2022-03-03,Kandy,Leeks,95.0,3,Maha,2022
2022-03-03,Kandy,Okra,95.0,3,Maha,2022
2022-03-03,Matale,Beans,210.0,3,Maha,2022
2022-03-03,Matale,Cabbage,73.0,3,Maha,2022
2022-03-03,Matale,Carrots,250.0,3,Maha,2022
2022-03-03,Matale,Leeks,100.0,3,Maha,2022
2022-03-03,Matale,Okra,70.0,3,Maha,2022
2022-03-11,Kandy,Beans,385.0,3,Maha,2022
2022-03-11,Kandy,Cabbage,175.0,3,Maha,2022
2022-03-11,Kandy,Carrots,265.0,3,Maha,2022
2022-03-11,Kandy,Leeks,210.0,3,Maha,2022
2022-03-11,Kandy,Okra,115.0,3,Maha,2022
2022-03-11,Matale,Beans,425.0,3,Maha,2022
2022-03-11,Matale,Cabbage,190.0,3,Maha,2022
2022-03-11,Matale,Carrots,320.0,3,Maha,2022
2022-03-11,Matale,Leeks,225.0,3,Maha,2022
2022-03-11,Matale,Okra,100.0,3,Maha,2022
2022-03-17,Kandy,Beans,190.0,3,Maha,2022
2022-03-17,Kandy,Cabbage,63.0,3,Maha,2022
2022-03-17,Kandy,Carrots,190.0,3,Maha,2022
2022-03-17,Kandy,Leeks,85.0,3,Maha,2022
2022-03-17,Kandy,Okra,65.0,3,Maha,2022
2022-03-17,Matale,Beans,185.0,3,Maha,2022
2022-03-17,Matale,Cabbage,75.0,3,Maha,2022
2022-03-17,Matale,Carrots,215.0,3,Maha,2022
2022-03-17,Matale,Leeks,95.0,3,Maha,2022
2022-03-17,Matale,Okra,53.0,3,Maha,2022
2022-03-24,Kandy,Beans,170.0,3,Maha,2022
2022-03-24,Kandy,Cabbage,63.0,3,Maha,2022
2022-03-24,Kandy,Carrots,170.0,3,Maha,2022
2022-03-24,Kandy,Leeks,85.0,3,Maha,2022
2022-03-24,Kandy,Okra,53.0,3,Maha,2022
2022-03-24,Matale,Beans,155.0,3,Maha,2022
2022-03-24,Matale,Cabbage,62.0,3,Maha,2022
2022-03-24,Matale,Carrots,165.0,3,Maha,2022
2022-03-24,Matale,Leeks,85.0,3,Maha,2022
2022-03-24,Matale,Okra,55.0,3,Maha,2022
2022-03-31,Kandy,Beans,130.0,3,Maha,2022
2022-03-31,Kandy,Cabbage,60.0,3,Maha,2022
2022-03-31,Kandy,Carrots,140.0,3,Maha,2022
2022-03-31,Kandy,Leeks,85.0,3,Maha,2022
2022-03-31,Kandy,Okra,75.0,3,Maha,2022
2022-03-31,Matale,Beans,140.0,3,Maha,2022
2022-03-31,Matale,Cabbage,50.0,3,Maha,2022
2022-03-31,Matale,Carrots,125.0,3,Maha,2022
2022-03-31,Matale,Leeks,85.0,3,Maha,2022
2022-03-31,Matale,Okra,45.0,3,Maha,2022
2022-04-08,Kandy,Beans,290.0,4,Yala,2022
2022-04-08,Kandy,Cabbage,175.0,4,Yala,2022
2022-04-08,Kandy,Carrots,255.0,4,Yala,2022
2022-04-08,Kandy,Leeks,115.0,4,Yala,2022
2022-04-08,Kandy,Okra,155.0,4,Yala,2022
2022-04-08,Matale,Beans,365.0,4,Yala,2022
2022-04-08,Matale,Cabbage,185.0,4,Yala,2022
2022-04-08,Matale,Carrots,180.0,4,Yala,2022
2022-04-08,Matale,Leeks,110.0,4,Yala,2022
2022-04-08,Matale,Okra,110.0,4,Yala,2022
2022-04-21,Kandy,Beans,185.0,4,Yala,2022
2022-04-21,Kandy,Cabbage,60.0,4,Yala,2022
2022-04-21,Kandy,Carrots,125.0,4,Yala,2022
2022-04-21,Kandy,Leeks,110.0,4,Yala,2022
2022-04-21,Kandy,Okra,75.0,4,Yala,2022
2022-04-21,Matale,Beans,150.0,4,Yala,2022
2022-04-21,Matale,Cabbage,45.0,4,Yala,2022
2022-04-21,Matale,Carrots,110.0,4,Yala,2022
2022-04-21,Matale,Leeks,85.0,4,Yala,2022
2022-04-21,Matale,Okra,55.0,4,Yala,2022
2022-04-28,Kandy,Beans,237.5,4,Yala,2022
2022-04-28,Kandy,Cabbage,117.5,4,Yala,2022
2022-04-28,Kandy,Carrots,190.0,4,Yala,2022
2022-04-28,Kandy,Leeks,112.5,4,Yala,2022
2022-04-28,Kandy,Okra,115.0,4,Yala,2022
2022-04-28,Matale,Beans,257.5,4,Yala,2022
2022-04-28,Matale,Cabbage,115.0,4,Yala,2022
2022-04-28,Matale,Carrots,145.0,4,Yala,2022
2022-04-28,Matale,Leeks,97.5,4,Yala,2022
2022-04-28,Matale,Okra,82.5,4,Yala,2022
2022-05-05,Kandy,Beans,335.0,5,Yala,2022
2022-05-05,Kandy,Cabbage,60.0,5,Yala,2022
2022-05-05,Kandy,Carrots,110.0,5,Yala,2022
2022-05-05,Kandy,Leeks,75.0,5,Yala,2022
2022-05-05,Kandy,Okra,115.0,5,Yala,2022
2022-05-05,Matale,Beans,405.0,5,Yala,2022
2022-05-05,Matale,Cabbage,60.0,5,Yala,2022
2022-05-05,Matale,Carrots,150.0,5,Yala,2022
2022-05-05,Matale,Leeks,150.0,5,Yala,2022
2022-05-05,Matale,Okra,125.0,5,Yala,2022
2022-05-19,Kandy,Beans,340.0,5,Yala,2022
2022-05-19,Kandy,Cabbage,105.0,5,Yala,2022
2022-05-19,Kandy,Carrots,235.0,5,Yala,2022
2022-05-19,Kandy,Leeks,120.0,5,Yala,2022
2022-05-19,Kandy,Okra,155.0,5,Yala,2022
2022-05-19,Matale,Beans,400.0,5,Yala,2022
2022-05-19,Matale,Cabbage,150.0,5,Yala,2022
2022-05-19,Matale,Carrots,225.0,5,Yala,2022
2022-05-19,Matale,Leeks,135.0,5,Yala,2022
2022-05-19,Matale,Okra,125.0,5,Yala,2022
2022-05-26,Kandy,Beans,435.0,5,Yala,2022
2022-05-26,Kandy,Cabbage,120.0,5,Yala,2022
2022-05-26,Kandy,Carrots,245.0,5,Yala,2022
2022-05-26,Kandy,Leeks,140.0,5,Yala,2022
2022-05-26,Kandy,Okra,225.0,5,Yala,2022
2022-05-26,Matale,Beans,550.0,5,Yala,2022
2022-05-26,Matale,Cabbage,135.0,5,Yala,2022
2022-05-26,Matale,Carrots,225.0,5,Yala,2022
2022-05-26,Matale,Leeks,150.0,5,Yala,2022
2022-05-26,Matale,Okra,230.0,5,Yala,2022
2022-06-10,Kandy,Beans,275.0,6,Yala,2022
2022-06-10,Kandy,Cabbage,245.0,6,Yala,2022
2022-06-10,Kandy,Carrots,310.0,6,Yala,2022
2022-06-10,Kandy,Leeks,260.0,6,Yala,2022
2022-06-10,Kandy,Okra,120.0,6,Yala,2022
2022-06-10,Matale,Beans,305.0,6,Yala,2022
2022-06-10,Matale,Cabbage,320.0,6,Yala,2022
2022-06-10,Matale,Carrots,305.0,6,Yala,2022
2022-06-10,Matale,Leeks,345.0,6,Yala,2022
2022-06-10,Matale,Okra,80.0,6,Yala,2022
2022-06-16,Kandy,Beans,565.0,6,Yala,2022
2022-06-16,Kandy,Cabbage,270.0,6,Yala,2022
2022-06-16,Kandy,Carrots,270.0,6,Yala,2022
2022-06-16,Kandy,Leeks,185.0,6,Yala,2022
2022-06-16,Kandy,Okra,245.0,6,Yala,2022
2022-06-16,Matale,Beans,575.0,6,Yala,2022
2022-06-16,Matale,Cabbage,225.0,6,Yala,2022
2022-06-16,Matale,Carrots,280.0,6,Yala,2022
2022-06-16,Matale,Leeks,185.0,6,Yala,2022
2022-06-16,Matale,Okra,220.0,6,Yala,2022
2022-06-23,Kandy,Beans,540.0,6,Yala,2022
2022-06-23,Kandy,Cabbage,230.0,6,Yala,2022
2022-06-23,Kandy,Carrots,235.0,6,Yala,2022
2022-06-23,Kandy,Leeks,150.0,6,Yala,2022
2022-06-23,Kandy,Okra,235.0,6,Yala,2022
2022-06-23,Matale,Beans,425.0,6,Yala,2022
2022-06-23,Matale,Cabbage,190.0,6,Yala,2022
2022-06-23,Matale,Carrots,220.0,6,Yala,2022
2022-06-23,Matale,Leeks,165.0,6,Yala,2022
2022-06-23,Matale,Okra,210.0,6,Yala,2022
2022-06-30,Kandy,Beans,475.0,6,Yala,2022
2022-06-30,Kandy,Cabbage,235.0,6,Yala,2022
2022-06-30,Kandy,Carrots,245.0,6,Yala,2022
2022-06-30,Kandy,Leeks,175.0,6,Yala,2022
2022-06-30,Kandy,Okra,225.0,6,Yala,2022
2022-06-30,Matale,Beans,375.0,6,Yala,2022
2022-06-30,Matale,Cabbage,185.0,6,Yala,2022
2022-06-30,Matale,Carrots,225.0,6,Yala,2022
2022-06-30,Matale,Leeks,130.0,6,Yala,2022
2022-06-30,Matale,Okra,215.0,6,Yala,2022
2022-07-04,Kandy,Beans,140.0,7,Yala,2022
2022-07-04,Kandy,Cabbage,65.0,7,Yala,2022
2022-07-04,Kandy,Carrots,145.0,7,Yala,2022
2022-07-04,Kandy,Leeks,115.0,7,Yala,2022
2022-07-04,Kandy,Okra,75.0,7,Yala,2022
2022-07-04,Matale,Beans,140.0,7,Yala,2022
2022-07-04,Matale,Cabbage,50.0,7,Yala,2022
2022-07-04,Matale,Carrots,155.0,7,Yala,2022
2022-07-04,Matale,Leeks,110.0,7,Yala,2022
2022-07-04,Matale,Okra,55.0,7,Yala,2022
2022-07-07,Kandy,Beans,310.0,7,Yala,2022
2022-07-07,Kandy,Cabbage,235.0,7,Yala,2022
2022-07-07,Kandy,Carrots,245.0,7,Yala,2022
2022-07-07,Kandy,Leeks,155.0,7,Yala,2022
2022-07-07,Kandy,Okra,140.0,7,Yala,2022
2022-07-07,Matale,Beans,250.0,7,Yala,2022
2022-07-07,Matale,Cabbage,195.0,7,Yala,2022
2022-07-07,Matale,Carrots,200.0,7,Yala,2022
2022-07-07,Matale,Leeks,150.0,7,Yala,2022
2022-07-07,Matale,Okra,115.0,7,Yala,2022
2022-07-14,Kandy,Beans,315.0,7,Yala,2022
2022-07-14,Kandy,Cabbage,225.0,7,Yala,2022
2022-07-14,Kandy,Carrots,260.0,7,Yala,2022
2022-07-14,Kandy,Leeks,195.0,7,Yala,2022
2022-07-14,Kandy,Okra,225.0,7,Yala,2022
2022-07-14,Matale,Beans,275.0,7,Yala,2022
2022-07-14,Matale,Cabbage,225.0,7,Yala,2022
2022-07-14,Matale,Carrots,250.0,7,Yala,2022
2022-07-14,Matale,Leeks,190.0,7,Yala,2022
2022-07-14,Matale,Okra,225.0,7,Yala,2022
2022-07-21,Kandy,Beans,335.0,7,Yala,2022
2022-07-21,Kandy,Cabbage,225.0,7,Yala,2022
2022-07-21,Kandy,Carrots,270.0,7,Yala,2022
2022-07-21,Kandy,Leeks,165.0,7,Yala,2022
2022-07-21,Kandy,Okra,210.0,7,Yala,2022
2022-07-21,Matale,Beans,375.0,7,Yala,2022
2022-07-21,Matale,Cabbage,230.0,7,Yala,2022
2022-07-21,Matale,Carrots,240.0,7,Yala,2022
2022-07-21,Matale,Leeks,185.0,7,Yala,2022
2022-07-21,Matale,Okra,165.0,7,Yala,2022
2022-07-28,Kandy,Beans,280.0,7,Yala,2022
2022-07-28,Kandy,Cabbage,190.0,7,Yala,2022
2022-07-28,Kandy,Carrots,255.0,7,Yala,2022
2022-07-28,Kandy,Leeks,125.0,7,Yala,2022
2022-07-28,Kandy,Okra,180.0,7,Yala,2022
2022-07-28,Matale,Beans,325.0,7,Yala,2022
2022-07-28,Matale,Cabbage,185.0,7,Yala,2022
2022-07-28,Matale,Carrots,195.0,7,Yala,2022
2022-07-28,Matale,Leeks,125.0,7,Yala,2022
2022-07-28,Matale,Okra,155.0,7,Yala,2022
2022-08-09,Kandy,Beans,375.0,8,Yala,2022
2022-08-09,Kandy,Cabbage,225.0,8,Yala,2022
2022-08-09,Kandy,Carrots,255.0,8,Yala,2022
2022-08-09,Kandy,Leeks,155.0,8,Yala,2022
2022-08-09,Kandy,Okra,85.0,8,Yala,2022
2022-08-09,Matale,Beans,405.0,8,Yala,2022
2022-08-09,Matale,Cabbage,235.0,8,Yala,2022
2022-08-09,Matale,Carrots,260.0,8,Yala,2022
2022-08-09,Matale,Leeks,155.0,8,Yala,2022
2022-08-09,Matale,Okra,65.0,8,Yala,2022
2022-08-12,Kandy,Beans,135.0,8,Yala,2022
2022-08-12,Kandy,Cabbage,145.0,8,Yala,2022
2022-08-12,Kandy,Carrots,265.0,8,Yala,2022
2022-08-12,Kandy,Leeks,340.0,8,Yala,2022
2022-08-12,Kandy,Okra,95.0,8,Yala,2022
2022-08-12,Matale,Beans,115.0,8,Yala,2022
2022-08-12,Matale,Cabbage,130.0,8,Yala,2022
2022-08-12,Matale,Carrots,275.0,8,Yala,2022
2022-08-12,Matale,Leeks,350.0,8,Yala,2022
2022-08-12,Matale,Okra,45.0,8,Yala,2022
2022-08-18,Kandy,Beans,440.0,8,Yala,2022
2022-08-18,Kandy,Cabbage,305.0,8,Yala,2022
2022-08-18,Kandy,Carrots,295.0,8,Yala,2022
2022-08-18,Kandy,Leeks,190.0,8,Yala,2022
2022-08-18,Kandy,Okra,120.0,8,Yala,2022
2022-08-18,Matale,Beans,335.0,8,Yala,2022
2022-08-18,Matale,Cabbage,325.0,8,Yala,2022
2022-08-18,Matale,Carrots,290.0,8,Yala,2022
2022-08-18,Matale,Leeks,190.0,8,Yala,2022
2022-08-18,Matale,Okra,125.0,8,Yala,2022
2022-08-25,Kandy,Beans,190.0,8,Yala,2022
2022-08-25,Kandy,Cabbage,355.0,8,Yala,2022
2022-08-25,Kandy,Carrots,255.0,8,Yala,2022
2022-08-25,Kandy,Leeks,145.0,8,Yala,2022
2022-08-25,Kandy,Okra,85.0,8,Yala,2022
2022-08-25,Matale,Beans,200.0,8,Yala,2022
2022-08-25,Matale,Cabbage,325.0,8,Yala,2022
2022-08-25,Matale,Carrots,275.0,8,Yala,2022
2022-08-25,Matale,Leeks,190.0,8,Yala,2022
2022-08-25,Matale,Okra,55.0,8,Yala,2022
2022-09-06,Kandy,Beans,540.0,9,Yala,2022
2022-09-06,Kandy,Cabbage,235.0,9,Yala,2022
2022-09-06,Kandy,Carrots,270.0,9,Yala,2022
2022-09-06,Kandy,Leeks,180.0,9,Yala,2022
2022-09-06,Kandy,Okra,230.0,9,Yala,2022
2022-09-06,Matale,Beans,575.0,9,Yala,2022
2022-09-06,Matale,Cabbage,235.0,9,Yala,2022
2022-09-06,Matale,Carrots,245.0,9,Yala,2022
2022-09-06,Matale,Leeks,140.0,9,Yala,2022
2022-09-06,Matale,Okra,235.0,9,Yala,2022
2022-09-15,Kandy,Beans,390.0,9,Yala,2022
2022-09-15,Kandy,Cabbage,260.0,9,Yala,2022
2022-09-15,Kandy,Carrots,290.0,9,Yala,2022
2022-09-15,Kandy,Leeks,225.0,9,Yala,2022
2022-09-15,Kandy,Okra,105.0,9,Yala,2022
2022-09-15,Matale,Beans,475.0,9,Yala,2022
2022-09-15,Matale,Cabbage,265.0,9,Yala,2022
2022-09-15,Matale,Carrots,285.0,9,Yala,2022
2022-09-15,Matale,Leeks,205.0,9,Yala,2022
2022-09-15,Matale,Okra,75.0,9,Yala,2022
2022-09-22,Kandy,Beans,275.0,9,Yala,2022
2022-09-22,Kandy,Cabbage,335.0,9,Yala,2022
2022-09-22,Kandy,Carrots,310.0,9,Yala,2022
2022-09-22,Kandy,Leeks,215.0,9,Yala,2022
2022-09-22,Kandy,Okra,125.0,9,Yala,2022
2022-09-22,Matale,Beans,275.0,9,Yala,2022
2022-09-22,Matale,Cabbage,305.0,9,Yala,2022
2022-09-22,Matale,Carrots,285.0,9,Yala,2022
2022-09-22,Matale,Leeks,220.0,9,Yala,2022
2022-09-22,Matale,Okra,100.0,9,Yala,2022
2022-09-29,Kandy,Beans,240.0,9,Yala,2022
2022-09-29,Kandy,Cabbage,295.0,9,Yala,2022
2022-09-29,Kandy,Carrots,260.0,9,Yala,2022
2022-09-29,Kandy,Leeks,210.0,9,Yala,2022
2022-09-29,Kandy,Okra,110.0,9,Yala,2022
2022-09-29,Matale,Beans,215.0,9,Yala,2022
2022-09-29,Matale,Cabbage,280.0,9,Yala,2022
2022-09-29,Matale,Carrots,305.0,9,Yala,2022
2022-09-29,Matale,Leeks,210.0,9,Yala,2022
2022-09-29,Matale,Okra,85.0,9,Yala,2022
2022-10-02,Kandy,Beans,190.0,10,Maha,2022
2022-10-02,Kandy,Cabbage,165.0,10,Maha,2022
2022-10-02,Kandy,Carrots,370.0,10,Maha,2022
2022-10-02,Kandy,Leeks,145.0,10,Maha,2022
2022-10-02,Kandy,Okra,170.0,10,Maha,2022
2022-10-02,Matale,Beans,185.0,10,Maha,2022
2022-10-02,Matale,Cabbage,165.0,10,Maha,2022
2022-10-02,Matale,Carrots,380.0,10,Maha,2022
2022-10-02,Matale,Leeks,165.0,10,Maha,2022
2022-10-02,Matale,Okra,155.0,10,Maha,2022
2022-10-03,Kandy,Beans,190.0,10,Maha,2022
2022-10-03,Kandy,Cabbage,75.0,10,Maha,2022
2022-10-03,Kandy,Carrots,290.0,10,Maha,2022
2022-10-03,Kandy,Leeks,85.0,10,Maha,2022
2022-10-03,Kandy,Okra,95.0,10,Maha,2022
2022-10-03,Matale,Beans,200.0,10,Maha,2022
2022-10-03,Matale,Cabbage,73.0,10,Maha,2022
2022-10-03,Matale,Carrots,240.0,10,Maha,2022
2022-10-03,Matale,Leeks,85.0,10,Maha,2022
2022-10-03,Matale,Okra,85.0,10,Maha,2022
2022-10-11,Kandy,Beans,290.0,10,Maha,2022
2022-10-11,Kandy,Cabbage,155.0,10,Maha,2022
2022-10-11,Kandy,Carrots,285.0,10,Maha,2022
2022-10-11,Kandy,Leeks,230.0,10,Maha,2022
2022-10-11,Kandy,Okra,135.0,10,Maha,2022
2022-10-11,Matale,Beans,250.0,10,Maha,2022
2022-10-11,Matale,Cabbage,165.0,10,Maha,2022
2022-10-11,Matale,Carrots,300.0,10,Maha,2022
2022-10-11,Matale,Leeks,210.0,10,Maha,2022
2022-10-11,Matale,Okra,85.0,10,Maha,2022
2022-10-13,Kandy,Beans,365.0,10,Maha,2022
2022-10-13,Kandy,Cabbage,240.0,10,Maha,2022
2022-10-13,Kandy,Carrots,310.0,10,Maha,2022
2022-10-13,Kandy,Leeks,210.0,10,Maha,2022
2022-10-13,Kandy,Okra,135.0,10,Maha,2022
2022-10-13,Matale,Beans,325.0,10,Maha,2022
2022-10-13,Matale,Cabbage,245.0,10,Maha,2022
2022-10-13,Matale,Carrots,285.0,10,Maha,2022
2022-10-13,Matale,Leeks,215.0,10,Maha,2022
2022-10-13,Matale,Okra,95.0,10,Maha,2022
2022-10-20,Kandy,Beans,255.0,10,Maha,2022
2022-10-20,Kandy,Cabbage,160.0,10,Maha,2022
2022-10-20,Kandy,Carrots,265.0,10,Maha,2022
2022-10-20,Kandy,Leeks,190.0,10,Maha,2022
2022-10-20,Kandy,Okra,115.0,10,Maha,2022
2022-10-20,Matale,Beans,265.0,10,Maha,2022
2022-10-20,Matale,Cabbage,170.0,10,Maha,2022
2022-10-20,Matale,Carrots,275.0,10,Maha,2022
2022-10-20,Matale,Leeks,210.0,10,Maha,2022
2022-10-20,Matale,Okra,75.0,10,Maha,2022
2022-10-27,Kandy,Beans,265.0,10,Maha,2022
2022-10-27,Kandy,Cabbage,145.0,10,Maha,2022
2022-10-27,Kandy,Carrots,285.0,10,Maha,2022
2022-10-27,Kandy,Leeks,190.0,10,Maha,2022
2022-10-27,Kandy,Okra,125.0,10,Maha,2022
2022-10-27,Matale,Beans,275.0,10,Maha,2022
2022-10-27,Matale,Cabbage,150.0,10,Maha,2022
2022-10-27,Matale,Carrots,275.0,10,Maha,2022
2022-10-27,Matale,Leeks,225.0,10,Maha,2022
2022-10-27,Matale,Okra,90.0,10,Maha,2022
2022-11-08,Kandy,Beans,415.0,11,Maha,2022
2022-11-08,Kandy,Cabbage,190.0,11,Maha,2022
2022-11-08,Kandy,Carrots,240.0,11,Maha,2022
2022-11-08,Kandy,Leeks,110.0,11,Maha,2022
2022-11-08,Kandy,Okra,145.0,11,Maha,2022
2022-11-08,Matale,Beans,475.0,11,Maha,2022
2022-11-08,Matale,Cabbage,260.0,11,Maha,2022
2022-11-08,Matale,Carrots,240.0,11,Maha,2022
2022-11-08,Matale,Leeks,115.0,11,Maha,2022
2022-11-08,Matale,Okra,140.0,11,Maha,2022
2022-11-17,Kandy,Beans,365.0,11,Maha,2022
2022-11-17,Kandy,Cabbage,125.0,11,Maha,2022
2022-11-17,Kandy,Carrots,360.0,11,Maha,2022
2022-11-17,Kandy,Leeks,230.0,11,Maha,2022
2022-11-17,Kandy,Okra,130.0,11,Maha,2022
2022-11-17,Matale,Beans,335.0,11,Maha,2022
2022-11-17,Matale,Cabbage,125.0,11,Maha,2022
2022-11-17,Matale,Carrots,365.0,11,Maha,2022
2022-11-17,Matale,Leeks,215.0,11,Maha,2022
2022-11-17,Matale,Okra,130.0,11,Maha,2022
2022-11-24,Kandy,Beans,335.0,11,Maha,2022
2022-11-24,Kandy,Cabbage,290.0,11,Maha,2022
2022-11-24,Kandy,Carrots,365.0,11,Maha,2022
2022-11-24,Kandy,Leeks,215.0,11,Maha,2022
2022-11-24,Kandy,Okra,150.0,11,Maha,2022
2022-11-24,Matale,Beans,335.0,11,Maha,2022
2022-11-24,Matale,Cabbage,150.0,11,Maha,2022
2022-11-24,Matale,Carrots,335.0,11,Maha,2022
2022-11-24,Matale,Leeks,215.0,11,Maha,2022
2022-11-24,Matale,Okra,95.0,11,Maha,2022
2022-12-15,Kandy,Beans,425.0,12,Maha,2022
2022-12-15,Kandy,Cabbage,125.0,12,Maha,2022
2022-12-15,Kandy,Carrots,270.0,12,Maha,2022
2022-12-15,Kandy,Leeks,310.0,12,Maha,2022
2022-12-15,Kandy,Okra,125.0,12,Maha,2022
2022-12-15,Matale,Beans,375.0,12,Maha,2022
2022-12-15,Matale,Cabbage,100.0,12,Maha,2022
2022-12-15,Matale,Carrots,260.0,12,Maha,2022
2022-12-15,Matale,Leeks,325.0,12,Maha,2022
2022-12-15,Matale,Okra,85.0,12,Maha,2022
2022-12-22,Kandy,Beans,440.0,12,Maha,2022
2022-12-22,Kandy,Cabbage,125.0,12,Maha,2022
2022-12-22,Kandy,Carrots,250.0,12,Maha,2022
2022-12-22,Kandy,Leeks,330.0,12,Maha,2022
2022-12-22,Kandy,Okra,130.0,12,Maha,2022
2022-12-22,Matale,Beans,410.0,12,Maha,2022
2022-12-22,Matale,Cabbage,95.0,12,Maha,2022
2022-12-22,Matale,Carrots,255.0,12,Maha,2022
2022-12-22,Matale,Leeks,315.0,12,Maha,2022
2022-12-22,Matale,Okra,90.0,12,Maha,2022
2022-12-29,Kandy,Beans,565.0,12,Maha,2022
2022-12-29,Kandy,Cabbage,125.0,12,Maha,2022
2022-12-29,Kandy,Carrots,290.0,12,Maha,2022
2022-12-29,Kandy,Leeks,390.0,12,Maha,2022
2022-12-29,Kandy,Okra,140.0,12,Maha,2022
2022-12-29,Matale,Beans,325.0,12,Maha,2022
2022-12-29,Matale,Cabbage,85.0,12,Maha,2022
2022-12-29,Matale,Carrots,200.0,12,Maha,2022
2022-12-29,Matale,Leeks,300.0,12,Maha,2022
2022-12-29,Matale,Okra,95.0,12,Maha,2022
2023-01-12,Kandy,Beans,325.0,1,Maha,2023
2023-01-12,Kandy,Cabbage,95.0,1,Maha,2023
2023-01-12,Kandy,Carrots,155.0,1,Maha,2023
2023-01-12,Kandy,Leeks,205.0,1,Maha,2023
2023-01-12,Kandy,Okra,145.0,1,Maha,2023
2023-01-12,Matale,Beans,275.0,1,Maha,2023
2023-01-12,Matale,Cabbage,60.0,1,Maha,2023
2023-01-12,Matale,Carrots,140.0,1,Maha,2023
2023-01-12,Matale,Leeks,210.0,1,Maha,2023
2023-01-12,Matale,Okra,130.0,1,Maha,2023
2023-01-19,Kandy,Beans,420.0,1,Maha,2023
2023-01-19,Kandy,Cabbage,75.0,1,Maha,2023
2023-01-19,Kandy,Carrots,170.0,1,Maha,2023
2023-01-19,Kandy,Leeks,270.0,1,Maha,2023
2023-01-19,Kandy,Okra,195.0,1,Maha,2023
2023-01-19,Matale,Beans,375.0,1,Maha,2023
2023-01-19,Matale,Cabbage,43.0,1,Maha,2023
2023-01-19,Matale,Carrots,130.0,1,Maha,2023
2023-01-19,Matale,Leeks,230.0,1,Maha,2023
2023-01-19,Matale,Okra,140.0,1,Maha,2023
2023-01-26,Kandy,Beans,375.0,1,Maha,2023
2023-01-26,Kandy,Cabbage,60.0,1,Maha,2023
2023-01-26,Kandy,Carrots,115.0,1,Maha,2023
2023-01-26,Kandy,Leeks,240.0,1,Maha,2023
2023-01-26,Kandy,Okra,190.0,1,Maha,2023
2023-01-26,Matale,Beans,210.0,1,Maha,2023
2023-01-26,Matale,Cabbage,43.0,1,Maha,2023
2023-01-26,Matale,Carrots,120.0,1,Maha,2023
2023-01-26,Matale,Leeks,200.0,1,Maha,2023
2023-01-26,Matale,Okra,170.0,1,Maha,2023
2023-02-02,Kandy,Beans,435.0,2,Maha,2023
2023-02-02,Kandy,Cabbage,60.0,2,Maha,2023
2023-02-02,Kandy,Carrots,100.0,2,Maha,2023
2023-02-02,Kandy,Leeks,180.0,2,Maha,2023
2023-02-02,Kandy,Okra,210.0,2,Maha,2023
2023-02-02,Matale,Beans,350.0,2,Maha,2023
2023-02-02,Matale,Cabbage,33.0,2,Maha,2023
2023-02-02,Matale,Carrots,105.0,2,Maha,2023
2023-02-02,Matale,Leeks,145.0,2,Maha,2023
2023-02-02,Matale,Okra,165.0,2,Maha,2023
2023-02-09,Kandy,Beans,390.0,2,Maha,2023
2023-02-09,Kandy,Cabbage,60.0,2,Maha,2023
2023-02-09,Kandy,Carrots,110.0,2,Maha,2023
2023-02-09,Kandy,Leeks,175.0,2,Maha,2023
2023-02-09,Kandy,Okra,210.0,2,Maha,2023
2023-02-09,Matale,Beans,325.0,2,Maha,2023
2023-02-09,Matale,Cabbage,35.0,2,Maha,2023
2023-02-09,Matale,Carrots,110.0,2,Maha,2023
2023-02-09,Matale,Leeks,185.0,2,Maha,2023
2023-02-09,Matale,Okra,155.0,2,Maha,2023
2023-02-16,Kandy,Beans,365.0,2,Maha,2023
2023-02-16,Kandy,Cabbage,60.0,2,Maha,2023
2023-02-16,Kandy,Carrots,110.0,2,Maha,2023
2023-02-16,Kandy,Leeks,190.0,2,Maha,2023
2023-02-16,Kandy,Okra,205.0,2,Maha,2023
2023-02-16,Matale,Beans,365.0,2,Maha,2023
2023-02-16,Matale,Cabbage,35.0,2,Maha,2023
2023-02-16,Matale,Carrots,105.0,2,Maha,2023
2023-02-16,Matale,Leeks,200.0,2,Maha,2023
2023-02-16,Matale,Okra,220.0,2,Maha,2023
2023-02-23,Kandy,Beans,315.0,2,Maha,2023
2023-02-23,Kandy,Cabbage,60.0,2,Maha,2023
2023-02-23,Kandy,Carrots,150.0,2,Maha,2023
2023-02-23,Kandy,Leeks,170.0,2,Maha,2023
2023-02-23,Kandy,Okra,210.0,2,Maha,2023
2023-02-23,Matale,Beans,325.0,2,Maha,2023
2023-02-23,Matale,Cabbage,50.0,2,Maha,2023
2023-02-23,Matale,Carrots,145.0,2,Maha,2023
2023-02-23,Matale,Leeks,170.0,2,Maha,2023
2023-02-23,Matale,Okra,190.0,2,Maha,2023
2023-03-02,Kandy,Beans,220.0,3,Maha,2023
2023-03-02,Kandy,Cabbage,52.5,3,Maha,2023
2023-03-02,Kandy,Carrots,105.0,3,Maha,2023
2023-03-02,Kandy,Leeks,155.0,3,Maha,2023
2023-03-02,Kandy,Okra,215.0,3,Maha,2023
2023-03-02,Matale,Beans,210.0,3,Maha,2023
2023-03-02,Matale,Cabbage,45.0,3,Maha,2023
2023-03-02,Matale,Carrots,100.0,3,Maha,2023
2023-03-02,Matale,Leeks,155.0,3,Maha,2023
2023-03-02,Matale,Okra,165.0,3,Maha,2023
2023-03-09,Kandy,Beans,210.0,3,Maha,2023
2023-03-09,Kandy,Cabbage,50.0,3,Maha,2023
2023-03-09,Kandy,Carrots,105.0,3,Maha,2023
2023-03-09,Kandy,Leeks,155.0,3,Maha,2023
2023-03-09,Kandy,Okra,205.0,3,Maha,2023
2023-03-09,Matale,Beans,210.0,3,Maha,2023
2023-03-09,Matale,Cabbage,53.0,3,Maha,2023
2023-03-09,Matale,Carrots,105.0,3,Maha,2023
2023-03-09,Matale,Leeks,160.0,3,Maha,2023
2023-03-09,Matale,Okra,205.0,3,Maha,2023
2023-03-16,Kandy,Beans,210.0,3,Maha,2023
2023-03-16,Kandy,Cabbage,50.0,3,Maha,2023
2023-03-16,Kandy,Carrots,100.0,3,Maha,2023
2023-03-16,Kandy,Leeks,155.0,3,Maha,2023
2023-03-16,Kandy,Okra,190.0,3,Maha,2023
2023-03-16,Matale,Beans,180.0,3,Maha,2023
2023-03-16,Matale,Cabbage,55.0,3,Maha,2023
2023-03-16,Matale,Carrots,85.0,3,Maha,2023
2023-03-16,Matale,Leeks,150.0,3,Maha,2023
2023-03-16,Matale,Okra,160.0,3,Maha,2023
2023-03-23,Kandy,Beans,160.0,3,Maha,2023
2023-03-23,Kandy,Cabbage,55.0,3,Maha,2023
2023-03-23,Kandy,Carrots,95.0,3,Maha,2023
2023-03-23,Kandy,Leeks,155.0,3,Maha,2023
2023-03-23,Kandy,Okra,145.0,3,Maha,2023
2023-03-23,Matale,Beans,140.0,3,Maha,2023
2023-03-23,Matale,Cabbage,55.0,3,Maha,2023
2023-03-23,Matale,Carrots,80.0,3,Maha,2023
2023-03-23,Matale,Leeks,155.0,3,Maha,2023
2023-03-23,Matale,Okra,115.0,3,Maha,2023
2023-03-30,Kandy,Beans,130.0,3,Maha,2023
2023-03-30,Kandy,Cabbage,55.0,3,Maha,2023
2023-03-30,Kandy,Carrots,95.0,3,Maha,2023
2023-03-30,Kandy,Leeks,205.0,3,Maha,2023
2023-03-30,Kandy,Okra,115.0,3,Maha,2023
2023-03-30,Matale,Beans,130.0,3,Maha,2023
2023-03-30,Matale,Cabbage,80.0,3,Maha,2023
2023-03-30,Matale,Carrots,120.0,3,Maha,2023
2023-03-30,Matale,Leeks,200.0,3,Maha,2023
2023-03-30,Matale,Okra,85.0,3,Maha,2023
2023-04-06,Kandy,Beans,120.0,4,Yala,2023
2023-04-06,Kandy,Cabbage,75.0,4,Yala,2023
2023-04-06,Kandy,Carrots,110.0,4,Yala,2023
2023-04-06,Kandy,Leeks,175.0,4,Yala,2023
2023-04-06,Kandy,Okra,95.0,4,Yala,2023
2023-04-06,Matale,Beans,100.0,4,Yala,2023
2023-04-06,Matale,Cabbage,75.0,4,Yala,2023
2023-04-06,Matale,Carrots,90.0,4,Yala,2023
2023-04-06,Matale,Leeks,200.0,4,Yala,2023
2023-04-06,Matale,Okra,77.0,4,Yala,2023
2023-04-20,Kandy,Beans,90.0,4,Yala,2023
2023-04-20,Kandy,Cabbage,135.0,4,Yala,2023
2023-04-20,Kandy,Carrots,135.0,4,Yala,2023
2023-04-20,Kandy,Leeks,225.0,4,Yala,2023
2023-04-20,Kandy,Okra,85.0,4,Yala,2023
2023-04-20,Matale,Beans,85.0,4,Yala,2023
2023-04-20,Matale,Cabbage,130.0,4,Yala,2023
2023-04-20,Matale,Carrots,125.0,4,Yala,2023
2023-04-20,Matale,Leeks,170.0,4,Yala,2023
2023-04-20,Matale,Okra,63.0,4,Yala,2023
2023-04-27,Kandy,Beans,150.0,4,Yala,2023
2023-04-27,Kandy,Cabbage,100.0,4,Yala,2023
2023-04-27,Kandy,Carrots,135.0,4,Yala,2023
2023-04-27,Kandy,Leeks,215.0,4,Yala,2023
2023-04-27,Kandy,Okra,95.0,4,Yala,2023
2023-04-27,Matale,Beans,155.0,4,Yala,2023
2023-04-27,Matale,Cabbage,110.0,4,Yala,2023
2023-04-27,Matale,Carrots,130.0,4,Yala,2023
2023-04-27,Matale,Leeks,165.0,4,Yala,2023
2023-04-27,Matale,Okra,90.0,4,Yala,2023
2023-05-04,Kandy,Beans,230.0,5,Yala,2023
2023-05-04,Kandy,Cabbage,120.0,5,Yala,2023
2023-05-04,Kandy,Carrots,130.0,5,Yala,2023
2023-05-04,Kandy,Leeks,185.0,5,Yala,2023
2023-05-04,Kandy,Okra,130.0,5,Yala,2023
2023-05-04,Matale,Beans,240.0,5,Yala,2023
2023-05-04,Matale,Cabbage,125.0,5,Yala,2023
2023-05-04,Matale,Carrots,130.0,5,Yala,2023
2023-05-04,Matale,Leeks,245.0,5,Yala,2023
2023-05-04,Matale,Okra,130.0,5,Yala,2023
2023-05-11,Kandy,Beans,290.0,5,Yala,2023
2023-05-11,Kandy,Cabbage,140.0,5,Yala,2023
2023-05-11,Kandy,Carrots,130.0,5,Yala,2023
2023-05-11,Kandy,Leeks,220.0,5,Yala,2023
2023-05-11,Kandy,Okra,120.0,5,Yala,2023
2023-05-11,Matale,Beans,325.0,5,Yala,2023
2023-05-11,Matale,Cabbage,160.0,5,Yala,2023
2023-05-11,Matale,Carrots,135.0,5,Yala,2023
2023-05-11,Matale,Leeks,200.0,5,Yala,2023
2023-05-11,Matale,Okra,115.0,5,Yala,2023
2023-05-18,Kandy,Beans,435.0,5,Yala,2023
2023-05-18,Kandy,Cabbage,170.0,5,Yala,2023
2023-05-18,Kandy,Carrots,240.0,5,Yala,2023
2023-05-18,Kandy,Leeks,285.0,5,Yala,2023
2023-05-18,Kandy,Okra,155.0,5,Yala,2023
2023-05-18,Matale,Beans,360.0,5,Yala,2023
2023-05-18,Matale,Cabbage,190.0,5,Yala,2023
2023-05-18,Matale,Carrots,200.0,5,Yala,2023
2023-05-18,Matale,Leeks,260.0,5,Yala,2023
2023-05-18,Matale,Okra,150.0,5,Yala,2023
2023-05-25,Kandy,Beans,265.0,5,Yala,2023
2023-05-25,Kandy,Cabbage,250.0,5,Yala,2023
2023-05-25,Kandy,Carrots,270.0,5,Yala,2023
2023-05-25,Kandy,Leeks,270.0,5,Yala,2023
2023-05-25,Kandy,Okra,140.0,5,Yala,2023
2023-05-25,Matale,Beans,215.0,5,Yala,2023
2023-05-25,Matale,Cabbage,285.0,5,Yala,2023
2023-05-25,Matale,Carrots,260.0,5,Yala,2023
2023-05-25,Matale,Leeks,285.0,5,Yala,2023
2023-05-25,Matale,Okra,170.0,5,Yala,2023
2023-06-01,Kandy,Beans,310.0,6,Yala,2023
2023-06-01,Kandy,Cabbage,310.0,6,Yala,2023
2023-06-01,Kandy,Carrots,290.0,6,Yala,2023
2023-06-01,Kandy,Leeks,275.0,6,Yala,2023
2023-06-01,Kandy,Okra,140.0,6,Yala,2023
2023-06-01,Matale,Beans,235.0,6,Yala,2023
2023-06-01,Matale,Cabbage,280.0,6,Yala,2023
2023-06-01,Matale,Carrots,275.0,6,Yala,2023
2023-06-01,Matale,Leeks,225.0,6,Yala,2023
2023-06-01,Matale,Okra,125.0,6,Yala,2023
2023-06-08,Kandy,Beans,245.0,6,Yala,2023
2023-06-08,Kandy,Cabbage,280.0,6,Yala,2023
2023-06-08,Kandy,Carrots,305.0,6,Yala,2023
2023-06-08,Kandy,Leeks,275.0,6,Yala,2023
2023-06-08,Kandy,Okra,130.0,6,Yala,2023
2023-06-08,Matale,Beans,325.0,6,Yala,2023
2023-06-08,Matale,Cabbage,285.0,6,Yala,2023
2023-06-08,Matale,Carrots,300.0,6,Yala,2023
2023-06-08,Matale,Leeks,280.0,6,Yala,2023
2023-06-08,Matale,Okra,105.0,6,Yala,2023
2023-06-15,Kandy,Beans,375.0,6,Yala,2023
2023-06-15,Kandy,Cabbage,250.0,6,Yala,2023
2023-06-15,Kandy,Carrots,310.0,6,Yala,2023
2023-06-15,Kandy,Leeks,245.0,6,Yala,2023
2023-06-15,Kandy,Okra,145.0,6,Yala,2023
2023-06-15,Matale,Beans,365.0,6,Yala,2023
2023-06-15,Matale,Cabbage,155.0,6,Yala,2023
2023-06-15,Matale,Carrots,300.0,6,Yala,2023
2023-06-15,Matale,Leeks,220.0,6,Yala,2023
2023-06-15,Matale,Okra,155.0,6,Yala,2023
2023-06-22,Kandy,Beans,390.0,6,Yala,2023
2023-06-22,Kandy,Beans,390.0,6,Yala,2023
2023-06-22,Kandy,Cabbage,155.0,6,Yala,2023
2023-06-22,Kandy,Cabbage,155.0,6,Yala,2023
2023-06-22,Kandy,Carrots,290.0,6,Yala,2023
2023-06-22,Kandy,Carrots,290.0,6,Yala,2023
2023-06-22,Kandy,Leeks,195.0,6,Yala,2023
2023-06-22,Kandy,Leeks,195.0,6,Yala,2023
2023-06-22,Kandy,Okra,175.0,6,Yala,2023
2023-06-22,Kandy,Okra,175.0,6,Yala,2023
2023-06-22,Matale,Beans,380.0,6,Yala,2023
2023-06-22,Matale,Beans,380.0,6,Yala,2023
2023-06-22,Matale,Cabbage,140.0,6,Yala,2023
2023-06-22,Matale,Cabbage,140.0,6,Yala,2023
2023-06-22,Matale,Carrots,300.0,6,Yala,2023
2023-06-22,Matale,Carrots,300.0,6,Yala,2023
2023-06-22,Matale,Leeks,175.0,6,Yala,2023
2023-06-22,Matale,Leeks,175.0,6,Yala,2023
2023-06-22,Matale,Okra,165.0,6,Yala,2023
2023-06-22,Matale,Okra,165.0,6,Yala,2023
2023-06-29,Kandy,Beans,415.0,6,Yala,2023
2023-06-29,Kandy,Cabbage,180.0,6,Yala,2023
2023-06-29,Kandy,Carrots,365.0,6,Yala,2023
2023-06-29,Kandy,Leeks,205.0,6,Yala,2023
2023-06-29,Kandy,Okra,195.0,6,Yala,2023
2023-06-29,Matale,Beans,425.0,6,Yala,2023
2023-06-29,Matale,Cabbage,165.0,6,Yala,2023
2023-06-29,Matale,Carrots,385.0,6,Yala,2023
2023-06-29,Matale,Leeks,190.0,6,Yala,2023
2023-06-29,Matale,Okra,190.0,6,Yala,2023
2023-07-06,Kandy,Beans,315.0,7,Yala,2023
2023-07-06,Kandy,Cabbage,180.0,7,Yala,2023
2023-07-06,Kandy,Carrots,425.0,7,Yala,2023
2023-07-06,Kandy,Leeks,175.0,7,Yala,2023
2023-07-06,Kandy,Okra,190.0,7,Yala,2023
2023-07-06,Matale,Beans,275.0,7,Yala,2023
2023-07-06,Matale,Cabbage,170.0,7,Yala,2023
2023-07-06,Matale,Carrots,375.0,7,Yala,2023
2023-07-06,Matale,Leeks,170.0,7,Yala,2023
2023-07-06,Matale,Okra,170.0,7,Yala,2023
2023-07-13,Kandy,Beans,410.0,7,Yala,2023
2023-07-13,Kandy,Cabbage,155.0,7,Yala,2023
2023-07-13,Kandy,Carrots,390.0,7,Yala,2023
2023-07-13,Kandy,Leeks,140.0,7,Yala,2023
2023-07-13,Kandy,Okra,155.0,7,Yala,2023
2023-07-13,Matale,Beans,400.0,7,Yala,2023
2023-07-13,Matale,Cabbage,135.0,7,Yala,2023
2023-07-13,Matale,Carrots,375.0,7,Yala,2023
2023-07-13,Matale,Leeks,140.0,7,Yala,2023
2023-07-13,Matale,Okra,125.0,7,Yala,2023
2023-07-20,Kandy,Beans,325.0,7,Yala,2023
2023-07-20,Kandy,Cabbage,140.0,7,Yala,2023
2023-07-20,Kandy,Carrots,410.0,7,Yala,2023
2023-07-20,Kandy,Leeks,145.0,7,Yala,2023
2023-07-20,Kandy,Okra,135.0,7,Yala,2023
2023-07-20,Matale,Beans,370.0,7,Yala,2023
2023-07-20,Matale,Cabbage,135.0,7,Yala,2023
2023-07-20,Matale,Carrots,385.0,7,Yala,2023
2023-07-20,Matale,Leeks,140.0,7,Yala,2023
2023-07-20,Matale,Okra,90.0,7,Yala,2023
2023-07-27,Kandy,Beans,360.0,7,Yala,2023
2023-07-27,Kandy,Cabbage,160.0,7,Yala,2023
2023-07-27,Kandy,Carrots,430.0,7,Yala,2023
2023-07-27,Kandy,Leeks,115.0,7,Yala,2023
2023-07-27,Kandy,Okra,95.0,7,Yala,2023
2023-07-27,Matale,Beans,355.0,7,Yala,2023
2023-07-27,Matale,Cabbage,130.0,7,Yala,2023
2023-07-27,Matale,Carrots,425.0,7,Yala,2023
2023-07-27,Matale,Leeks,130.0,7,Yala,2023
2023-07-27,Matale,Okra,75.0,7,Yala,2023
2023-08-03,Kandy,Beans,365.0,8,Yala,2023
2023-08-03,Kandy,Cabbage,155.0,8,Yala,2023
2023-08-03,Kandy,Carrots,440.0,8,Yala,2023
2023-08-03,Kandy,Leeks,130.0,8,Yala,2023
2023-08-03,Kandy,Okra,110.0,8,Yala,2023
2023-08-03,Matale,Beans,405.0,8,Yala,2023
2023-08-03,Matale,Cabbage,125.0,8,Yala,2023
2023-08-03,Matale,Carrots,405.0,8,Yala,2023
2023-08-03,Matale,Leeks,115.0,8,Yala,2023
2023-08-03,Matale,Okra,65.0,8,Yala,2023
2023-08-10,Kandy,Beans,335.0,8,Yala,2023
2023-08-10,Kandy,Cabbage,145.0,8,Yala,2023
2023-08-10,Kandy,Carrots,390.0,8,Yala,2023
2023-08-10,Kandy,Leeks,110.0,8,Yala,2023
2023-08-10,Kandy,Okra,85.0,8,Yala,2023
2023-08-10,Matale,Beans,315.0,8,Yala,2023
2023-08-10,Matale,Cabbage,160.0,8,Yala,2023
2023-08-10,Matale,Carrots,420.0,8,Yala,2023
2023-08-10,Matale,Leeks,140.0,8,Yala,2023
2023-08-10,Matale,Okra,70.0,8,Yala,2023
2023-08-17,Kandy,Beans,355.0,8,Yala,2023
2023-08-17,Kandy,Cabbage,140.0,8,Yala,2023
2023-08-17,Kandy,Carrots,370.0,8,Yala,2023
2023-08-17,Kandy,Leeks,125.0,8,Yala,2023
2023-08-17,Kandy,Okra,75.0,8,Yala,2023
2023-08-17,Matale,Beans,365.0,8,Yala,2023
2023-08-17,Matale,Cabbage,125.0,8,Yala,2023
2023-08-17,Matale,Carrots,400.0,8,Yala,2023
2023-08-17,Matale,Leeks,110.0,8,Yala,2023
2023-08-17,Matale,Okra,75.0,8,Yala,2023
2023-08-24,Kandy,Beans,315.0,8,Yala,2023
2023-08-24,Kandy,Cabbage,135.0,8,Yala,2023
2023-08-24,Kandy,Carrots,300.0,8,Yala,2023
2023-08-24,Kandy,Leeks,95.0,8,Yala,2023
2023-08-24,Kandy,Okra,75.0,8,Yala,2023
2023-08-24,Matale,Beans,365.0,8,Yala,2023
2023-08-24,Matale,Cabbage,145.0,8,Yala,2023
2023-08-24,Matale,Carrots,290.0,8,Yala,2023
2023-08-24,Matale,Leeks,95.0,8,Yala,2023
2023-08-24,Matale,Okra,55.0,8,Yala,2023
2023-08-31,Kandy,Beans,290.0,8,Yala,2023
2023-08-31,Kandy,Cabbage,130.0,8,Yala,2023
2023-08-31,Kandy,Carrots,275.0,8,Yala,2023
2023-08-31,Kandy,Leeks,85.0,8,Yala,2023
2023-08-31,Kandy,Okra,95.0,8,Yala,2023
2023-08-31,Matale,Beans,285.0,8,Yala,2023
2023-08-31,Matale,Cabbage,120.0,8,Yala,2023
2023-08-31,Matale,Carrots,285.0,8,Yala,2023
2023-08-31,Matale,Leeks,90.0,8,Yala,2023
2023-08-31,Matale,Okra,65.0,8,Yala,2023
2023-09-07,Kandy,Beans,240.0,9,Yala,2023
2023-09-07,Kandy,Cabbage,95.0,9,Yala,2023
2023-09-07,Kandy,Carrots,205.0,9,Yala,2023
2023-09-07,Kandy,Leeks,65.0,9,Yala,2023
2023-09-07,Kandy,Okra,75.0,9,Yala,2023
2023-09-07,Matale,Beans,205.0,9,Yala,2023
2023-09-07,Matale,Cabbage,70.0,9,Yala,2023
2023-09-07,Matale,Carrots,205.0,9,Yala,2023
2023-09-07,Matale,Leeks,75.0,9,Yala,2023
2023-09-07,Matale,Okra,65.0,9,Yala,2023
2023-09-14,Kandy,Beans,350.0,9,Yala,2023
2023-09-14,Kandy,Cabbage,90.0,9,Yala,2023
2023-09-14,Kandy,Carrots,190.0,9,Yala,2023
2023-09-14,Kandy,Leeks,75.0,9,Yala,2023
2023-09-14,Kandy,Okra,95.0,9,Yala,2023
2023-09-14,Matale,Beans,325.0,9,Yala,2023
2023-09-14,Matale,Cabbage,60.0,9,Yala,2023
2023-09-14,Matale,Carrots,175.0,9,Yala,2023
2023-09-14,Matale,Leeks,70.0,9,Yala,2023
2023-09-14,Matale,Okra,65.0,9,Yala,2023
2023-09-21,Kandy,Beans,340.0,9,Yala,2023
2023-09-21,Kandy,Cabbage,65.0,9,Yala,2023
2023-09-21,Kandy,Carrots,155.0,9,Yala,2023
2023-09-21,Kandy,Leeks,65.0,9,Yala,2023
2023-09-21,Kandy,Okra,95.0,9,Yala,2023
2023-09-21,Matale,Beans,310.0,9,Yala,2023
2023-09-21,Matale,Cabbage,55.0,9,Yala,2023
2023-09-21,Matale,Carrots,150.0,9,Yala,2023
2023-09-21,Matale,Leeks,65.0,9,Yala,2023
2023-09-21,Matale,Okra,75.0,9,Yala,2023
2023-09-28,Kandy,Beans,215.0,9,Yala,2023
2023-09-28,Kandy,Cabbage,70.0,9,Yala,2023
2023-09-28,Kandy,Carrots,120.0,9,Yala,2023
2023-09-28,Kandy,Leeks,45.0,9,Yala,2023
2023-09-28,Kandy,Okra,100.0,9,Yala,2023
2023-09-28,Matale,Beans,275.0,9,Yala,2023
2023-09-28,Matale,Cabbage,55.0,9,Yala,2023
2023-09-28,Matale,Carrots,110.0,9,Yala,2023
2023-09-28,Matale,Leeks,55.0,9,Yala,2023
2023-09-28,Matale,Okra,75.0,9,Yala,2023
2023-10-05,Kandy,Beans,235.0,10,Maha,2023
2023-10-05,Kandy,Cabbage,70.0,10,Maha,2023
2023-10-05,Kandy,Carrots,215.0,10,Maha,2023
2023-10-05,Kandy,Leeks,75.0,10,Maha,2023
2023-10-05,Kandy,Okra,105.0,10,Maha,2023
2023-10-05,Matale,Beans,235.0,10,Maha,2023
2023-10-05,Matale,Cabbage,70.0,10,Maha,2023
2023-10-05,Matale,Carrots,210.0,10,Maha,2023
2023-10-05,Matale,Leeks,85.0,10,Maha,2023
2023-10-05,Matale,Okra,75.0,10,Maha,2023
2023-10-12,Kandy,Beans,315.0,10,Maha,2023
2023-10-12,Kandy,Cabbage,60.0,10,Maha,2023
2023-10-12,Kandy,Carrots,160.0,10,Maha,2023
2023-10-12,Kandy,Leeks,65.0,10,Maha,2023
2023-10-12,Kandy,Okra,100.0,10,Maha,2023
2023-10-12,Matale,Beans,305.0,10,Maha,2023
2023-10-12,Matale,Cabbage,55.0,10,Maha,2023
2023-10-12,Matale,Carrots,150.0,10,Maha,2023
2023-10-12,Matale,Leeks,65.0,10,Maha,2023
2023-10-12,Matale,Okra,70.0,10,Maha,2023
2023-10-19,Kandy,Beans,335.0,10,Maha,2023
2023-10-19,Kandy,Cabbage,60.0,10,Maha,2023
2023-10-19,Kandy,Carrots,160.0,10,Maha,2023
2023-10-19,Kandy,Leeks,55.0,10,Maha,2023
2023-10-19,Kandy,Okra,110.0,10,Maha,2023
2023-10-19,Matale,Beans,375.0,10,Maha,2023
2023-10-19,Matale,Cabbage,65.0,10,Maha,2023
2023-10-19,Matale,Carrots,160.0,10,Maha,2023
2023-10-19,Matale,Leeks,80.0,10,Maha,2023
2023-10-19,Matale,Okra,90.0,10,Maha,2023
2023-10-26,Kandy,Beans,400.0,10,Maha,2023
2023-10-26,Kandy,Cabbage,80.0,10,Maha,2023
2023-10-26,Kandy,Carrots,175.0,10,Maha,2023
2023-10-26,Kandy,Leeks,75.0,10,Maha,2023
2023-10-26,Kandy,Okra,140.0,10,Maha,2023
2023-10-26,Matale,Beans,480.0,10,Maha,2023
2023-10-26,Matale,Cabbage,120.0,10,Maha,2023
2023-10-26,Matale,Carrots,175.0,10,Maha,2023
2023-10-26,Matale,Leeks,60.0,10,Maha,2023
2023-10-26,Matale,Okra,135.0,10,Maha,2023
2023-11-02,Kandy,Beans,375.0,11,Maha,2023
2023-11-02,Kandy,Cabbage,120.0,11,Maha,2023
2023-11-02,Kandy,Carrots,260.0,11,Maha,2023
2023-11-02,Kandy,Leeks,110.0,11,Maha,2023
2023-11-02,Kandy,Okra,165.0,11,Maha,2023
2023-11-02,Matale,Beans,375.0,11,Maha,2023
2023-11-02,Matale,Cabbage,140.0,11,Maha,2023
2023-11-02,Matale,Carrots,260.0,11,Maha,2023
2023-11-02,Matale,Leeks,140.0,11,Maha,2023
2023-11-02,Matale,Okra,135.0,11,Maha,2023
2023-11-09,Kandy,Beans,265.0,11,Maha,2023
2023-11-09,Kandy,Cabbage,165.0,11,Maha,2023
2023-11-09,Kandy,Carrots,240.0,11,Maha,2023
2023-11-09,Kandy,Leeks,100.0,11,Maha,2023
2023-11-09,Kandy,Okra,170.0,11,Maha,2023
2023-11-09,Matale,Beans,275.0,11,Maha,2023
2023-11-09,Matale,Cabbage,175.0,11,Maha,2023
2023-11-09,Matale,Carrots,225.0,11,Maha,2023
2023-11-09,Matale,Leeks,95.0,11,Maha,2023
2023-11-09,Matale,Okra,140.0,11,Maha,2023
2023-11-16,Kandy,Beans,315.0,11,Maha,2023
2023-11-16,Kandy,Cabbage,175.0,11,Maha,2023
2023-11-16,Kandy,Carrots,315.0,11,Maha,2023
2023-11-16,Kandy,Leeks,155.0,11,Maha,2023
2023-11-16,Kandy,Okra,175.0,11,Maha,2023
2023-11-16,Matale,Beans,325.0,11,Maha,2023
2023-11-16,Matale,Cabbage,200.0,11,Maha,2023
2023-11-16,Matale,Carrots,375.0,11,Maha,2023
2023-11-16,Matale,Leeks,220.0,11,Maha,2023
2023-11-16,Matale,Okra,135.0,11,Maha,2023
2023-11-23,Kandy,Beans,435.0,11,Maha,2023
2023-11-23,Kandy,Cabbage,220.0,11,Maha,2023
2023-11-23,Kandy,Carrots,280.0,11,Maha,2023
2023-11-23,Kandy,Leeks,145.0,11,Maha,2023
2023-11-23,Kandy,Okra,175.0,11,Maha,2023
2023-11-23,Matale,Beans,400.0,11,Maha,2023
2023-11-23,Matale,Cabbage,265.0,11,Maha,2023
2023-11-23,Matale,Carrots,280.0,11,Maha,2023
2023-11-23,Matale,Leeks,140.0,11,Maha,2023
2023-11-23,Matale,Okra,140.0,11,Maha,2023
2023-11-30,Kandy,Beans,475.0,11,Maha,2023
2023-11-30,Kandy,Cabbage,320.0,11,Maha,2023
2023-11-30,Kandy,Carrots,300.0,11,Maha,2023
2023-11-30,Kandy,Leeks,210.0,11,Maha,2023
2023-11-30,Kandy,Okra,170.0,11,Maha,2023
2023-11-30,Matale,Beans,530.0,11,Maha,2023
2023-11-30,Matale,Cabbage,280.0,11,Maha,2023
2023-11-30,Matale,Carrots,300.0,11,Maha,2023
2023-11-30,Matale,Leeks,210.0,11,Maha,2023
2023-11-30,Matale,Okra,140.0,11,Maha,2023
2023-12-07,Kandy,Beans,425.0,12,Maha,2023
2023-12-07,Kandy,Cabbage,315.0,12,Maha,2023
2023-12-07,Kandy,Carrots,290.0,12,Maha,2023
2023-12-07,Kandy,Leeks,210.0,12,Maha,2023
2023-12-07,Kandy,Okra,170.0,12,Maha,2023
2023-12-07,Matale,Beans,275.0,12,Maha,2023
2023-12-07,Matale,Cabbage,280.0,12,Maha,2023
2023-12-07,Matale,Carrots,300.0,12,Maha,2023
2023-12-07,Matale,Leeks,210.0,12,Maha,2023
2023-12-07,Matale,Okra,120.0,12,Maha,2023
2023-12-14,Kandy,Beans,425.0,12,Maha,2023
2023-12-14,Kandy,Cabbage,325.0,12,Maha,2023
2023-12-14,Kandy,Carrots,310.0,12,Maha,2023
2023-12-14,Kandy,Leeks,240.0,12,Maha,2023
2023-12-14,Kandy,Okra,145.0,12,Maha,2023
2023-12-14,Matale,Beans,250.0,12,Maha,2023
2023-12-14,Matale,Cabbage,300.0,12,Maha,2023
2023-12-14,Matale,Carrots,275.0,12,Maha,2023
2023-12-14,Matale,Leeks,230.0,12,Maha,2023
2023-12-14,Matale,Okra,90.0,12,Maha,2023
2023-12-21,Kandy,Beans,375.0,12,Maha,2023
2023-12-21,Kandy,Cabbage,310.0,12,Maha,2023
2023-12-21,Kandy,Carrots,410.0,12,Maha,2023
2023-12-21,Kandy,Leeks,230.0,12,Maha,2023
2023-12-21,Kandy,Okra,160.0,12,Maha,2023
2023-12-21,Matale,Beans,275.0,12,Maha,2023
2023-12-21,Matale,Cabbage,315.0,12,Maha,2023
2023-12-21,Matale,Carrots,410.0,12,Maha,2023
2023-12-21,Matale,Leeks,225.0,12,Maha,2023
2023-12-21,Matale,Okra,135.0,12,Maha,2023
2023-12-28,Kandy,Beans,575.0,12,Maha,2023
2023-12-28,Kandy,Cabbage,340.0,12,Maha,2023
2023-12-28,Kandy,Carrots,575.0,12,Maha,2023
2023-12-28,Kandy,Leeks,310.0,12,Maha,2023
2023-12-28,Kandy,Okra,190.0,12,Maha,2023
2023-12-28,Matale,Beans,520.0,12,Maha,2023
2023-12-28,Matale,Cabbage,340.0,12,Maha,2023
2023-12-28,Matale,Carrots,535.0,12,Maha,2023
2023-12-28,Matale,Leeks,315.0,12,Maha,2023
2023-12-28,Matale,Okra,125.0,12,Maha,2023
2024-01-04,Kandy,Beans,475.0,1,Maha,2024
2024-01-04,Kandy,Cabbage,425.0,1,Maha,2024
2024-01-04,Kandy,Carrots,610.0,1,Maha,2024
2024-01-04,Kandy,Leeks,315.0,1,Maha,2024
2024-01-04,Kandy,Okra,165.0,1,Maha,2024
2024-01-04,Matale,Beans,425.0,1,Maha,2024
2024-01-04,Matale,Cabbage,375.0,1,Maha,2024
2024-01-04,Matale,Carrots,600.0,1,Maha,2024
2024-01-04,Matale,Leeks,325.0,1,Maha,2024
2024-01-04,Matale,Okra,155.0,1,Maha,2024
2024-01-11,Kandy,Beans,475.0,1,Maha,2024
2024-01-11,Kandy,Cabbage,380.0,1,Maha,2024
2024-01-11,Kandy,Carrots,740.0,1,Maha,2024
2024-01-11,Kandy,Leeks,290.0,1,Maha,2024
2024-01-11,Kandy,Okra,205.0,1,Maha,2024
2024-01-11,Matale,Beans,410.0,1,Maha,2024
2024-01-11,Matale,Cabbage,435.0,1,Maha,2024
2024-01-11,Matale,Carrots,850.0,1,Maha,2024
2024-01-11,Matale,Leeks,310.0,1,Maha,2024
2024-01-11,Matale,Okra,165.0,1,Maha,2024
2024-01-18,Kandy,Beans,950.0,1,Maha,2024
2024-01-18,Kandy,Cabbage,560.0,1,Maha,2024
2024-01-18,Kandy,Carrots,1550.0,1,Maha,2024
2024-01-18,Kandy,Leeks,540.0,1,Maha,2024
2024-01-18,Kandy,Okra,345.0,1,Maha,2024
2024-01-18,Matale,Beans,925.0,1,Maha,2024
2024-01-18,Matale,Cabbage,640.0,1,Maha,2024
2024-01-18,Matale,Carrots,1650.0,1,Maha,2024
2024-01-18,Matale,Leeks,430.0,1,Maha,2024
2024-01-18,Matale,Okra,290.0,1,Maha,2024
2024-01-25,Kandy,Beans,630.0,1,Maha,2024
2024-01-25,Kandy,Cabbage,430.0,1,Maha,2024
2024-01-25,Kandy,Carrots,1050.0,1,Maha,2024
2024-01-25,Kandy,Leeks,360.0,1,Maha,2024
2024-01-25,Kandy,Okra,350.0,1,Maha,2024
2024-01-25,Matale,Beans,700.0,1,Maha,2024
2024-01-25,Matale,Cabbage,465.0,1,Maha,2024
2024-01-25,Matale,Carrots,950.0,1,Maha,2024
2024-01-25,Matale,Leeks,390.0,1,Maha,2024
2024-01-25,Matale,Okra,330.0,1,Maha,2024
2024-02-01,Kandy,Beans,575.0,2,Maha,2024
2024-02-01,Kandy,Cabbage,525.0,2,Maha,2024
2024-02-01,Kandy,Carrots,1175.0,2,Maha,2024
2024-02-01,Kandy,Leeks,490.0,2,Maha,2024
2024-02-01,Kandy,Okra,360.0,2,Maha,2024
2024-02-01,Matale,Beans,700.0,2,Maha,2024
2024-02-01,Matale,Cabbage,625.0,2,Maha,2024
2024-02-01,Matale,Carrots,1425.0,2,Maha,2024
2024-02-01,Matale,Leeks,500.0,2,Maha,2024
2024-02-01,Matale,Okra,360.0,2,Maha,2024
2024-02-08,Kandy,Beans,830.0,2,Maha,2024
2024-02-08,Kandy,Cabbage,425.0,2,Maha,2024
2024-02-08,Kandy,Carrots,725.0,2,Maha,2024
2024-02-08,Kandy,Leeks,490.0,2,Maha,2024
2024-02-08,Kandy,Okra,285.0,2,Maha,2024
2024-02-08,Matale,Beans,640.0,2,Maha,2024
2024-02-08,Matale,Cabbage,385.0,2,Maha,2024
2024-02-08,Matale,Carrots,700.0,2,Maha,2024
2024-02-08,Matale,Leeks,475.0,2,Maha,2024
2024-02-08,Matale,Okra,325.0,2,Maha,2024
2024-02-15,Kandy,Beans,775.0,2,Maha,2024
2024-02-15,Kandy,Cabbage,375.0,2,Maha,2024
2024-02-15,Kandy,Carrots,625.0,2,Maha,2024
2024-02-15,Kandy,Leeks,340.0,2,Maha,2024
2024-02-15,Kandy,Okra,290.0,2,Maha,2024
2024-02-15,Matale,Beans,575.0,2,Maha,2024
2024-02-15,Matale,Cabbage,325.0,2,Maha,2024
2024-02-15,Matale,Carrots,525.0,2,Maha,2024
2024-02-15,Matale,Leeks,275.0,2,Maha,2024
2024-02-15,Matale,Okra,275.0,2,Maha,2024
2024-02-22,Kandy,Beans,525.0,2,Maha,2024
2024-02-22,Kandy,Cabbage,375.0,2,Maha,2024
2024-02-22,Kandy,Carrots,360.0,2,Maha,2024
2024-02-22,Kandy,Leeks,245.0,2,Maha,2024
2024-02-22,Kandy,Okra,260.0,2,Maha,2024
2024-02-22,Matale,Beans,550.0,2,Maha,2024
2024-02-22,Matale,Cabbage,325.0,2,Maha,2024
2024-02-22,Matale,Carrots,400.0,2,Maha,2024
2024-02-22,Matale,Leeks,325.0,2,Maha,2024
2024-02-22,Matale,Okra,260.0,2,Maha,2024
2024-02-29,Kandy,Beans,430.0,2,Maha,2024
2024-02-29,Kandy,Cabbage,335.0,2,Maha,2024
2024-02-29,Kandy,Carrots,425.0,2,Maha,2024
2024-02-29,Kandy,Leeks,235.0,2,Maha,2024
2024-02-29,Kandy,Okra,190.0,2,Maha,2024
2024-02-29,Matale,Beans,375.0,2,Maha,2024
2024-02-29,Matale,Cabbage,300.0,2,Maha,2024
2024-02-29,Matale,Carrots,335.0,2,Maha,2024
2024-02-29,Matale,Leeks,225.0,2,Maha,2024
2024-02-29,Matale,Okra,155.0,2,Maha,2024
2024-03-07,Kandy,Beans,425.0,3,Maha,2024
2024-03-07,Kandy,Cabbage,320.0,3,Maha,2024
2024-03-07,Kandy,Carrots,290.0,3,Maha,2024
2024-03-07,Kandy,Leeks,210.0,3,Maha,2024
2024-03-07,Kandy,Okra,165.0,3,Maha,2024
2024-03-07,Matale,Beans,375.0,3,Maha,2024
2024-03-07,Matale,Cabbage,310.0,3,Maha,2024
2024-03-07,Matale,Carrots,310.0,3,Maha,2024
2024-03-07,Matale,Leeks,210.0,3,Maha,2024
2024-03-07,Matale,Okra,165.0,3,Maha,2024
2024-03-14,Kandy,Beans,275.0,3,Maha,2024
2024-03-14,Kandy,Cabbage,300.0,3,Maha,2024
2024-03-14,Kandy,Carrots,340.0,3,Maha,2024
2024-03-14,Kandy,Leeks,190.0,3,Maha,2024
2024-03-14,Kandy,Okra,130.0,3,Maha,2024
2024-03-14,Matale,Beans,280.0,3,Maha,2024
2024-03-14,Matale,Cabbage,390.0,3,Maha,2024
2024-03-14,Matale,Carrots,290.0,3,Maha,2024
2024-03-14,Matale,Leeks,220.0,3,Maha,2024
2024-03-14,Matale,Okra,110.0,3,Maha,2024
2024-03-21,Kandy,Beans,160.0,3,Maha,2024
2024-03-21,Kandy,Cabbage,315.0,3,Maha,2024
2024-03-21,Kandy,Carrots,290.0,3,Maha,2024
2024-03-21,Kandy,Leeks,205.0,3,Maha,2024
2024-03-21,Kandy,Okra,85.0,3,Maha,2024
2024-03-21,Matale,Beans,135.0,3,Maha,2024
2024-03-21,Matale,Cabbage,305.0,3,Maha,2024
2024-03-21,Matale,Carrots,290.0,3,Maha,2024
2024-03-21,Matale,Leeks,200.0,3,Maha,2024
2024-03-21,Matale,Okra,70.0,3,Maha,2024
2024-03-28,Kandy,Beans,110.0,3,Maha,2024
2024-03-28,Kandy,Cabbage,225.0,3,Maha,2024
2024-03-28,Kandy,Carrots,265.0,3,Maha,2024
2024-03-28,Kandy,Leeks,175.0,3,Maha,2024
2024-03-28,Kandy,Okra,50.0,3,Maha,2024
2024-03-28,Matale,Beans,85.0,3,Maha,2024
2024-03-28,Matale,Cabbage,200.0,3,Maha,2024
2024-03-28,Matale,Carrots,270.0,3,Maha,2024
2024-03-28,Matale,Leeks,150.0,3,Maha,2024
2024-03-28,Matale,Okra,50.0,3,Maha,2024
2024-04-04,Kandy,Beans,110.0,4,Yala,2024
2024-04-04,Kandy,Cabbage,175.0,4,Yala,2024
2024-04-04,Kandy,Carrots,250.0,4,Yala,2024
2024-04-04,Kandy,Leeks,140.0,4,Yala,2024
2024-04-04,Kandy,Okra,70.0,4,Yala,2024
2024-04-04,Matale,Beans,90.0,4,Yala,2024
2024-04-04,Matale,Cabbage,115.0,4,Yala,2024
2024-04-04,Matale,Carrots,255.0,4,Yala,2024
2024-04-04,Matale,Leeks,155.0,4,Yala,2024
2024-04-04,Matale,Okra,65.0,4,Yala,2024
2024-04-11,Kandy,Leeks,135.0,4,Yala,2024
2024-04-11,Matale,Beans,120.0,4,Yala,2024
2024-04-11,Matale,Cabbage,140.0,4,Yala,2024
2024-04-11,Matale,Carrots,225.0,4,Yala,2024
2024-04-11,Matale,Okra,60.0,4,Yala,2024
2024-04-25,Kandy,Beans,120.0,4,Yala,2024
2024-04-25,Kandy,Cabbage,105.0,4,Yala,2024
2024-04-25,Kandy,Carrots,155.0,4,Yala,2024
2024-04-25,Kandy,Leeks,135.0,4,Yala,2024
2024-04-25,Kandy,Okra,85.0,4,Yala,2024
2024-04-25,Matale,Beans,120.0,4,Yala,2024
2024-04-25,Matale,Cabbage,105.0,4,Yala,2024
2024-04-25,Matale,Carrots,185.0,4,Yala,2024
2024-04-25,Matale,Leeks,160.0,4,Yala,2024
2024-04-25,Matale,Okra,70.0,4,Yala,2024
2024-05-02,Kandy,Beans,165.0,5,Yala,2024
2024-05-02,Kandy,Cabbage,80.0,5,Yala,2024
2024-05-02,Kandy,Carrots,140.0,5,Yala,2024
2024-05-02,Kandy,Leeks,140.0,5,Yala,2024
2024-05-02,Kandy,Okra,125.0,5,Yala,2024
2024-05-02,Matale,Beans,130.0,5,Yala,2024
2024-05-02,Matale,Cabbage,85.0,5,Yala,2024
2024-05-02,Matale,Carrots,175.0,5,Yala,2024
2024-05-02,Matale,Leeks,180.0,5,Yala,2024
2024-05-02,Matale,Okra,70.0,5,Yala,2024
2024-05-11,Kandy,Beans,175.0,5,Yala,2024
2024-05-11,Kandy,Cabbage,175.0,5,Yala,2024
2024-05-11,Kandy,Carrots,265.0,5,Yala,2024
2024-05-11,Kandy,Leeks,130.0,5,Yala,2024
2024-05-11,Kandy,Okra,65.0,5,Yala,2024
2024-05-16,Kandy,Beans,215.0,5,Yala,2024
2024-05-16,Kandy,Cabbage,90.0,5,Yala,2024
2024-05-16,Kandy,Carrots,100.0,5,Yala,2024
2024-05-16,Kandy,Leeks,210.0,5,Yala,2024
2024-05-16,Kandy,Okra,125.0,5,Yala,2024
2024-05-16,Matale,Beans,210.0,5,Yala,2024
2024-05-16,Matale,Cabbage,85.0,5,Yala,2024
2024-05-16,Matale,Carrots,115.0,5,Yala,2024
2024-05-16,Matale,Leeks,210.0,5,Yala,2024
2024-05-16,Matale,Okra,105.0,5,Yala,2024
2024-05-23,Kandy,Beans,375.0,5,Yala,2024
2024-05-23,Kandy,Cabbage,70.0,5,Yala,2024
2024-05-23,Kandy,Carrots,110.0,5,Yala,2024
2024-05-23,Kandy,Leeks,190.0,5,Yala,2024
2024-05-23,Kandy,Okra,125.0,5,Yala,2024
2024-05-23,Matale,Beans,390.0,5,Yala,2024
2024-05-23,Matale,Beans,390.0,5,Yala,2024
2024-05-23,Matale,Cabbage,85.0,5,Yala,2024
2024-05-23,Matale,Cabbage,85.0,5,Yala,2024
2024-05-23,Matale,Carrots,135.0,5,Yala,2024
2024-05-23,Matale,Carrots,135.0,5,Yala,2024
2024-05-23,Matale,Leeks,200.0,5,Yala,2024
2024-05-23,Matale,Leeks,200.0,5,Yala,2024
2024-05-23,Matale,Okra,95.0,5,Yala,2024
2024-05-23,Matale,Okra,95.0,5,Yala,2024
2024-05-30,Kandy,Beans,575.0,5,Yala,2024
2024-05-30,Kandy,Cabbage,90.0,5,Yala,2024
2024-05-30,Kandy,Carrots,135.0,5,Yala,2024
2024-05-30,Kandy,Leeks,250.0,5,Yala,2024
2024-05-30,Kandy,Okra,125.0,5,Yala,2024
2024-05-30,Matale,Beans,615.0,5,Yala,2024
2024-05-30,Matale,Cabbage,120.0,5,Yala,2024
2024-05-30,Matale,Carrots,150.0,5,Yala,2024
2024-05-30,Matale,Leeks,240.0,5,Yala,2024
2024-05-30,Matale,Okra,110.0,5,Yala,2024
2024-06-06,Kandy,Beans,625.0,6,Yala,2024
2024-06-06,Kandy,Cabbage,110.0,6,Yala,2024
2024-06-06,Kandy,Carrots,135.0,6,Yala,2024
2024-06-06,Kandy,Leeks,340.0,6,Yala,2024
2024-06-06,Kandy,Okra,170.0,6,Yala,2024
2024-06-06,Matale,Beans,400.0,6,Yala,2024
2024-06-06,Matale,Cabbage,100.0,6,Yala,2024
2024-06-06,Matale,Carrots,145.0,6,Yala,2024
2024-06-06,Matale,Leeks,380.0,6,Yala,2024
2024-06-06,Matale,Okra,150.0,6,Yala,2024
2024-06-13,Kandy,Beans,415.0,6,Yala,2024
2024-06-13,Kandy,Cabbage,175.0,6,Yala,2024
2024-06-13,Kandy,Carrots,360.0,6,Yala,2024
2024-06-13,Kandy,Leeks,490.0,6,Yala,2024
2024-06-13,Kandy,Okra,150.0,6,Yala,2024
2024-06-13,Matale,Beans,475.0,6,Yala,2024
2024-06-13,Matale,Cabbage,135.0,6,Yala,2024
2024-06-13,Matale,Carrots,340.0,6,Yala,2024
2024-06-13,Matale,Leeks,490.0,6,Yala,2024
2024-06-13,Matale,Okra,150.0,6,Yala,2024
2024-06-20,Kandy,Beans,525.0,6,Yala,2024
2024-06-20,Kandy,Cabbage,175.0,6,Yala,2024
2024-06-20,Kandy,Carrots,345.0,6,Yala,2024
2024-06-20,Kandy,Leeks,545.0,6,Yala,2024
2024-06-20,Kandy,Okra,165.0,6,Yala,2024
2024-06-20,Matale,Beans,540.0,6,Yala,2024
2024-06-20,Matale,Cabbage,175.0,6,Yala,2024
2024-06-20,Matale,Carrots,375.0,6,Yala,2024
2024-06-20,Matale,Leeks,425.0,6,Yala,2024
2024-06-20,Matale,Okra,155.0,6,Yala,2024
2024-06-27,Kandy,Beans,525.0,6,Yala,2024
2024-06-27,Kandy,Cabbage,175.0,6,Yala,2024
2024-06-27,Kandy,Carrots,400.0,6,Yala,2024
2024-06-27,Kandy,Leeks,540.0,6,Yala,2024
2024-06-27,Kandy,Okra,160.0,6,Yala,2024
2024-06-27,Matale,Beans,425.0,6,Yala,2024
2024-06-27,Matale,Cabbage,180.0,6,Yala,2024
2024-06-27,Matale,Carrots,415.0,6,Yala,2024
2024-06-27,Matale,Leeks,575.0,6,Yala,2024
2024-06-27,Matale,Okra,140.0,6,Yala,2024
2024-07-04,Kandy,Beans,540.0,7,Yala,2024
2024-07-04,Kandy,Cabbage,145.0,7,Yala,2024
2024-07-04,Kandy,Carrots,350.0,7,Yala,2024
2024-07-04,Kandy,Leeks,315.0,7,Yala,2024
2024-07-04,Kandy,Okra,165.0,7,Yala,2024
2024-07-04,Matale,Beans,415.0,7,Yala,2024
2024-07-04,Matale,Cabbage,160.0,7,Yala,2024
2024-07-04,Matale,Carrots,385.0,7,Yala,2024
2024-07-04,Matale,Leeks,385.0,7,Yala,2024
2024-07-04,Matale,Okra,165.0,7,Yala,2024
2024-07-11,Kandy,Beans,475.0,7,Yala,2024
2024-07-11,Kandy,Cabbage,180.0,7,Yala,2024
2024-07-11,Kandy,Carrots,340.0,7,Yala,2024
2024-07-11,Kandy,Leeks,365.0,7,Yala,2024
2024-07-11,Kandy,Okra,155.0,7,Yala,2024
2024-07-11,Matale,Beans,475.0,7,Yala,2024
2024-07-11,Matale,Cabbage,200.0,7,Yala,2024
2024-07-11,Matale,Carrots,340.0,7,Yala,2024
2024-07-11,Matale,Leeks,365.0,7,Yala,2024
2024-07-11,Matale,Okra,155.0,7,Yala,2024
2024-07-18,Kandy,Beans,475.0,7,Yala,2024
2024-07-18,Kandy,Cabbage,225.0,7,Yala,2024
2024-07-18,Kandy,Carrots,310.0,7,Yala,2024
2024-07-18,Kandy,Leeks,365.0,7,Yala,2024
2024-07-18,Kandy,Okra,155.0,7,Yala,2024
2024-07-18,Matale,Beans,475.0,7,Yala,2024
2024-07-18,Matale,Cabbage,235.0,7,Yala,2024
2024-07-18,Matale,Carrots,390.0,7,Yala,2024
2024-07-18,Matale,Leeks,385.0,7,Yala,2024
2024-07-18,Matale,Okra,150.0,7,Yala,2024
2024-07-25,Kandy,Beans,475.0,7,Yala,2024
2024-07-25,Kandy,Cabbage,225.0,7,Yala,2024
2024-07-25,Kandy,Carrots,325.0,7,Yala,2024
2024-07-25,Kandy,Leeks,415.0,7,Yala,2024
2024-07-25,Kandy,Okra,140.0,7,Yala,2024
2024-07-25,Matale,Beans,575.0,7,Yala,2024
2024-07-25,Matale,Cabbage,260.0,7,Yala,2024
2024-07-25,Matale,Carrots,375.0,7,Yala,2024
2024-07-25,Matale,Leeks,390.0,7,Yala,2024
2024-07-25,Matale,Okra,120.0,7,Yala,2024
2024-08-01,Kandy,Beans,465.0,8,Yala,2024
2024-08-01,Kandy,Cabbage,225.0,8,Yala,2024
2024-08-01,Kandy,Carrots,310.0,8,Yala,2024
2024-08-01,Kandy,Leeks,365.0,8,Yala,2024
2024-08-01,Kandy,Okra,140.0,8,Yala,2024
2024-08-01,Matale,Beans,525.0,8,Yala,2024
2024-08-01,Matale,Cabbage,280.0,8,Yala,2024
2024-08-01,Matale,Carrots,315.0,8,Yala,2024
2024-08-01,Matale,Leeks,375.0,8,Yala,2024
2024-08-01,Matale,Okra,90.0,8,Yala,2024
2024-08-08,Kandy,Beans,375.0,8,Yala,2024
2024-08-08,Kandy,Cabbage,210.0,8,Yala,2024
2024-08-08,Kandy,Carrots,215.0,8,Yala,2024
2024-08-08,Kandy,Leeks,310.0,8,Yala,2024
2024-08-08,Kandy,Okra,75.0,8,Yala,2024
2024-08-08,Matale,Beans,400.0,8,Yala,2024
2024-08-08,Matale,Cabbage,270.0,8,Yala,2024
2024-08-08,Matale,Carrots,210.0,8,Yala,2024
2024-08-08,Matale,Leeks,325.0,8,Yala,2024
2024-08-08,Matale,Okra,55.0,8,Yala,2024
2024-08-15,Kandy,Beans,375.0,8,Yala,2024
2024-08-15,Kandy,Cabbage,175.0,8,Yala,2024
2024-08-15,Kandy,Carrots,210.0,8,Yala,2024
2024-08-15,Kandy,Leeks,245.0,8,Yala,2024
2024-08-15,Kandy,Okra,75.0,8,Yala,2024
2024-08-15,Matale,Beans,375.0,8,Yala,2024
2024-08-15,Matale,Cabbage,200.0,8,Yala,2024
2024-08-15,Matale,Carrots,200.0,8,Yala,2024
2024-08-15,Matale,Leeks,220.0,8,Yala,2024
2024-08-15,Matale,Okra,50.0,8,Yala,2024
2024-08-22,Kandy,Beans,365.0,8,Yala,2024
2024-08-22,Kandy,Cabbage,145.0,8,Yala,2024
2024-08-22,Kandy,Carrots,185.0,8,Yala,2024
2024-08-22,Kandy,Leeks,230.0,8,Yala,2024
2024-08-22,Kandy,Okra,65.0,8,Yala,2024
2024-08-22,Matale,Beans,375.0,8,Yala,2024
2024-08-22,Matale,Cabbage,155.0,8,Yala,2024
2024-08-22,Matale,Carrots,180.0,8,Yala,2024
2024-08-22,Matale,Leeks,220.0,8,Yala,2024
2024-08-22,Matale,Okra,65.0,8,Yala,2024
2024-08-29,Kandy,Beans,315.0,8,Yala,2024
2024-08-29,Kandy,Cabbage,125.0,8,Yala,2024
2024-08-29,Kandy,Carrots,170.0,8,Yala,2024
2024-08-29,Kandy,Leeks,225.0,8,Yala,2024
2024-08-29,Kandy,Okra,65.0,8,Yala,2024
2024-08-29,Matale,Beans,275.0,8,Yala,2024
2024-08-29,Matale,Cabbage,120.0,8,Yala,2024
2024-08-29,Matale,Carrots,160.0,8,Yala,2024
2024-08-29,Matale,Leeks,220.0,8,Yala,2024
2024-08-29,Matale,Okra,45.0,8,Yala,2024
2024-09-05,Kandy,Beans,225.0,9,Yala,2024
2024-09-05,Kandy,Cabbage,170.0,9,Yala,2024
2024-09-05,Kandy,Carrots,190.0,9,Yala,2024
2024-09-05,Kandy,Leeks,190.0,9,Yala,2024
2024-09-05,Kandy,Okra,65.0,9,Yala,2024
2024-09-05,Matale,Beans,200.0,9,Yala,2024
2024-09-05,Matale,Cabbage,150.0,9,Yala,2024
2024-09-05,Matale,Carrots,180.0,9,Yala,2024
2024-09-05,Matale,Leeks,210.0,9,Yala,2024
2024-09-05,Matale,Okra,45.0,9,Yala,2024
2024-09-12,Kandy,Beans,210.0,9,Yala,2024
2024-09-12,Kandy,Cabbage,130.0,9,Yala,2024
2024-09-12,Kandy,Carrots,155.0,9,Yala,2024
2024-09-12,Kandy,Leeks,205.0,9,Yala,2024
2024-09-12,Kandy,Okra,55.0,9,Yala,2024
2024-09-12,Matale,Beans,175.0,9,Yala,2024
2024-09-12,Matale,Cabbage,160.0,9,Yala,2024
2024-09-12,Matale,Carrots,175.0,9,Yala,2024
2024-09-12,Matale,Leeks,205.0,9,Yala,2024
2024-09-12,Matale,Okra,40.0,9,Yala,2024
2024-09-19,Kandy,Beans,165.0,9,Yala,2024
2024-09-19,Kandy,Cabbage,170.0,9,Yala,2024
2024-09-19,Kandy,Carrots,160.0,9,Yala,2024
2024-09-19,Kandy,Leeks,210.0,9,Yala,2024
2024-09-19,Kandy,Okra,75.0,9,Yala,2024
2024-09-19,Matale,Beans,175.0,9,Yala,2024
2024-09-19,Matale,Cabbage,165.0,9,Yala,2024
2024-09-19,Matale,Carrots,160.0,9,Yala,2024
2024-09-19,Matale,Leeks,210.0,9,Yala,2024
2024-09-19,Matale,Okra,45.0,9,Yala,2024
2024-09-26,Kandy,Beans,265.0,9,Yala,2024
2024-09-26,Kandy,Cabbage,190.0,9,Yala,2024
2024-09-26,Kandy,Carrots,190.0,9,Yala,2024
2024-09-26,Kandy,Leeks,260.0,9,Yala,2024
2024-09-26,Kandy,Okra,80.0,9,Yala,2024
2024-09-26,Matale,Beans,225.0,9,Yala,2024
2024-09-26,Matale,Cabbage,55.0,9,Yala,2024
2024-09-26,Matale,Carrots,145.0,9,Yala,2024
2024-09-26,Matale,Leeks,225.0,9,Yala,2024
2024-09-26,Matale,Okra,45.0,9,Yala,2024
2024-10-03,Kandy,Beans,225.0,10,Maha,2024
2024-10-03,Kandy,Cabbage,130.0,10,Maha,2024
2024-10-03,Kandy,Carrots,90.0,10,Maha,2024
2024-10-03,Kandy,Leeks,170.0,10,Maha,2024
2024-10-03,Kandy,Okra,75.0,10,Maha,2024
2024-10-03,Matale,Beans,305.0,10,Maha,2024
2024-10-03,Matale,Cabbage,155.0,10,Maha,2024
2024-10-03,Matale,Carrots,90.0,10,Maha,2024
2024-10-03,Matale,Leeks,190.0,10,Maha,2024
2024-10-03,Matale,Okra,60.0,10,Maha,2024
2024-10-10,Kandy,Beans,325.0,10,Maha,2024
2024-10-10,Kandy,Cabbage,105.0,10,Maha,2024
2024-10-10,Kandy,Carrots,90.0,10,Maha,2024
2024-10-10,Kandy,Leeks,140.0,10,Maha,2024
2024-10-10,Kandy,Okra,95.0,10,Maha,2024
2024-10-10,Matale,Beans,250.0,10,Maha,2024
2024-10-10,Matale,Cabbage,105.0,10,Maha,2024
2024-10-10,Matale,Carrots,85.0,10,Maha,2024
2024-10-10,Matale,Leeks,135.0,10,Maha,2024
2024-10-10,Matale,Okra,95.0,10,Maha,2024
2024-10-17,Kandy,Beans,300.0,10,Maha,2024
2024-10-17,Kandy,Cabbage,80.0,10,Maha,2024
2024-10-17,Kandy,Carrots,80.0,10,Maha,2024
2024-10-17,Kandy,Leeks,125.0,10,Maha,2024
2024-10-17,Kandy,Okra,95.0,10,Maha,2024
2024-10-17,Matale,Beans,315.0,10,Maha,2024
2024-10-17,Matale,Cabbage,100.0,10,Maha,2024
2024-10-17,Matale,Carrots,80.0,10,Maha,2024
2024-10-17,Matale,Leeks,120.0,10,Maha,2024
2024-10-17,Matale,Okra,75.0,10,Maha,2024
2024-10-24,Kandy,Beans,335.0,10,Maha,2024
2024-10-24,Kandy,Cabbage,105.0,10,Maha,2024
2024-10-24,Kandy,Carrots,95.0,10,Maha,2024
2024-10-24,Kandy,Leeks,190.0,10,Maha,2024
2024-10-24,Kandy,Okra,95.0,10,Maha,2024
2024-10-24,Matale,Beans,325.0,10,Maha,2024
2024-10-24,Matale,Cabbage,90.0,10,Maha,2024
2024-10-24,Matale,Carrots,80.0,10,Maha,2024
2024-10-24,Matale,Leeks,140.0,10,Maha,2024
2024-10-24,Matale,Okra,75.0,10,Maha,2024
2024-10-31,Kandy,Beans,275.0,10,Maha,2024
2024-10-31,Kandy,Cabbage,80.0,10,Maha,2024
2024-10-31,Kandy,Carrots,75.0,10,Maha,2024
2024-10-31,Kandy,Leeks,170.0,10,Maha,2024
2024-10-31,Kandy,Okra,90.0,10,Maha,2024
2024-10-31,Matale,Beans,280.0,10,Maha,2024
2024-10-31,Matale,Cabbage,110.0,10,Maha,2024
2024-10-31,Matale,Carrots,80.0,10,Maha,2024
2024-10-31,Matale,Leeks,165.0,10,Maha,2024
2024-10-31,Matale,Okra,75.0,10,Maha,2024
2024-11-07,Kandy,Beans,225.0,11,Maha,2024
2024-11-07,Kandy,Cabbage,80.0,11,Maha,2024
2024-11-07,Kandy,Carrots,85.0,11,Maha,2024
2024-11-07,Kandy,Leeks,140.0,11,Maha,2024
2024-11-07,Kandy,Okra,80.0,11,Maha,2024
2024-11-07,Matale,Beans,260.0,11,Maha,2024
2024-11-07,Matale,Cabbage,75.0,11,Maha,2024
2024-11-07,Matale,Carrots,80.0,11,Maha,2024
2024-11-07,Matale,Leeks,150.0,11,Maha,2024
2024-11-07,Matale,Okra,45.0,11,Maha,2024
2024-11-14,Kandy,Beans,365.0,11,Maha,2024
2024-11-14,Kandy,Cabbage,75.0,11,Maha,2024
2024-11-14,Kandy,Carrots,110.0,11,Maha,2024
2024-11-14,Kandy,Leeks,145.0,11,Maha,2024
2024-11-14,Kandy,Okra,95.0,11,Maha,2024
2024-11-14,Matale,Beans,375.0,11,Maha,2024
2024-11-14,Matale,Cabbage,80.0,11,Maha,2024
2024-11-14,Matale,Carrots,95.0,11,Maha,2024
2024-11-14,Matale,Leeks,140.0,11,Maha,2024
2024-11-14,Matale,Okra,70.0,11,Maha,2024
2024-11-21,Kandy,Beans,375.0,11,Maha,2024
2024-11-21,Kandy,Cabbage,75.0,11,Maha,2024
2024-11-21,Kandy,Carrots,100.0,11,Maha,2024
2024-11-21,Kandy,Leeks,125.0,11,Maha,2024
2024-11-21,Kandy,Okra,95.0,11,Maha,2024
2024-11-21,Matale,Beans,425.0,11,Maha,2024
2024-11-21,Matale,Cabbage,85.0,11,Maha,2024
2024-11-21,Matale,Carrots,105.0,11,Maha,2024
2024-11-21,Matale,Leeks,125.0,11,Maha,2024
2024-11-21,Matale,Okra,60.0,11,Maha,2024
2024-11-28,Kandy,Beans,375.0,11,Maha,2024
2024-11-28,Kandy,Cabbage,70.0,11,Maha,2024
2024-11-28,Kandy,Carrots,80.0,11,Maha,2024
2024-11-28,Kandy,Leeks,110.0,11,Maha,2024
2024-11-28,Kandy,Okra,95.0,11,Maha,2024
2024-11-28,Matale,Beans,405.0,11,Maha,2024
2024-11-28,Matale,Cabbage,70.0,11,Maha,2024
2024-11-28,Matale,Carrots,95.0,11,Maha,2024
2024-11-28,Matale,Leeks,130.0,11,Maha,2024
2024-11-28,Matale,Okra,75.0,11,Maha,2024
2024-12-05,Kandy,Beans,625.0,12,Maha,2024
2024-12-05,Kandy,Cabbage,70.0,12,Maha,2024
2024-12-05,Kandy,Carrots,125.0,12,Maha,2024
2024-12-05,Kandy,Leeks,140.0,12,Maha,2024
2024-12-05,Kandy,Okra,155.0,12,Maha,2024
2024-12-05,Matale,Beans,615.0,12,Maha,2024
2024-12-05,Matale,Cabbage,100.0,12,Maha,2024
2024-12-05,Matale,Carrots,115.0,12,Maha,2024
2024-12-05,Matale,Leeks,140.0,12,Maha,2024
2024-12-05,Matale,Okra,125.0,12,Maha,2024
2024-12-12,Kandy,Beans,525.0,12,Maha,2024
2024-12-12,Kandy,Cabbage,125.0,12,Maha,2024
2024-12-12,Kandy,Carrots,150.0,12,Maha,2024
2024-12-12,Kandy,Leeks,235.0,12,Maha,2024
2024-12-12,Kandy,Okra,150.0,12,Maha,2024
2024-12-12,Matale,Beans,475.0,12,Maha,2024
2024-12-12,Matale,Cabbage,130.0,12,Maha,2024
2024-12-12,Matale,Carrots,140.0,12,Maha,2024
2024-12-12,Matale,Leeks,220.0,12,Maha,2024
2024-12-12,Matale,Okra,130.0,12,Maha,2024
2024-12-19,Kandy,Beans,265.0,12,Maha,2024
2024-12-19,Kandy,Cabbage,190.0,12,Maha,2024
2024-12-19,Kandy,Carrots,165.0,12,Maha,2024
2024-12-19,Kandy,Leeks,265.0,12,Maha,2024
2024-12-19,Kandy,Okra,85.0,12,Maha,2024
2024-12-19,Matale,Beans,240.0,12,Maha,2024
2024-12-19,Matale,Cabbage,200.0,12,Maha,2024
2024-12-19,Matale,Carrots,140.0,12,Maha,2024
2024-12-19,Matale,Leeks,275.0,12,Maha,2024
2024-12-19,Matale,Okra,85.0,12,Maha,2024
2024-12-26,Kandy,Beans,425.0,12,Maha,2024
2024-12-26,Kandy,Cabbage,130.0,12,Maha,2024
2024-12-26,Kandy,Carrots,115.0,12,Maha,2024
2024-12-26,Kandy,Leeks,210.0,12,Maha,2024
2024-12-26,Kandy,Okra,110.0,12,Maha,2024
2024-12-26,Matale,Beans,395.0,12,Maha,2024
2024-12-26,Matale,Cabbage,110.0,12,Maha,2024
2024-12-26,Matale,Carrots,120.0,12,Maha,2024
2024-12-26,Matale,Leeks,175.0,12,Maha,2024
2024-12-26,Matale,Okra,75.0,12,Maha,2024
2025-01-09,Kandy,Beans,365.0,1,Maha,2025
2025-01-09,Kandy,Cabbage,110.0,1,Maha,2025
2025-01-09,Kandy,Carrots,230.0,1,Maha,2025
2025-01-09,Kandy,Leeks,210.0,1,Maha,2025
2025-01-09,Kandy,Okra,135.0,1,Maha,2025
2025-01-09,Matale,Beans,315.0,1,Maha,2025
2025-01-09,Matale,Cabbage,95.0,1,Maha,2025
2025-01-09,Matale,Carrots,185.0,1,Maha,2025
2025-01-09,Matale,Leeks,200.0,1,Maha,2025
2025-01-09,Matale,Okra,140.0,1,Maha,2025
2025-01-16,Kandy,Beans,275.0,1,Maha,2025
2025-01-16,Kandy,Cabbage,140.0,1,Maha,2025
2025-01-16,Kandy,Carrots,260.0,1,Maha,2025
2025-01-16,Kandy,Leeks,250.0,1,Maha,2025
2025-01-16,Kandy,Okra,165.0,1,Maha,2025
2025-01-16,Matale,Beans,260.0,1,Maha,2025
2025-01-16,Matale,Cabbage,120.0,1,Maha,2025
2025-01-16,Matale,Carrots,185.0,1,Maha,2025
2025-01-16,Matale,Leeks,165.0,1,Maha,2025
2025-01-16,Matale,Okra,125.0,1,Maha,2025
2025-01-23,Kandy,Beans,465.0,1,Maha,2025
2025-01-23,Kandy,Cabbage,155.0,1,Maha,2025
2025-01-23,Kandy,Carrots,230.0,1,Maha,2025
2025-01-23,Kandy,Leeks,215.0,1,Maha,2025
2025-01-23,Kandy,Okra,190.0,1,Maha,2025
2025-01-23,Matale,Beans,425.0,1,Maha,2025
2025-01-23,Matale,Cabbage,115.0,1,Maha,2025
2025-01-23,Matale,Carrots,205.0,1,Maha,2025
2025-01-23,Matale,Leeks,235.0,1,Maha,2025
2025-01-23,Matale,Okra,190.0,1,Maha,2025
2025-01-30,Kandy,Beans,475.0,1,Maha,2025
2025-01-30,Kandy,Cabbage,155.0,1,Maha,2025
2025-01-30,Kandy,Carrots,270.0,1,Maha,2025
2025-01-30,Kandy,Leeks,210.0,1,Maha,2025
2025-01-30,Kandy,Okra,235.0,1,Maha,2025
2025-01-30,Matale,Beans,515.0,1,Maha,2025
2025-01-30,Matale,Cabbage,155.0,1,Maha,2025
2025-01-30,Matale,Carrots,250.0,1,Maha,2025
2025-01-30,Matale,Leeks,190.0,1,Maha,2025
2025-01-30,Matale,Okra,235.0,1,Maha,2025
2025-02-06,Kandy,Beans,500.0,2,Maha,2025
2025-02-06,Kandy,Cabbage,265.0,2,Maha,2025
2025-02-06,Kandy,Carrots,440.0,2,Maha,2025
2025-02-06,Kandy,Leeks,270.0,2,Maha,2025
2025-02-06,Kandy,Okra,265.0,2,Maha,2025
2025-02-06,Matale,Beans,425.0,2,Maha,2025
2025-02-06,Matale,Cabbage,240.0,2,Maha,2025
2025-02-06,Matale,Carrots,365.0,2,Maha,2025
2025-02-06,Matale,Leeks,270.0,2,Maha,2025
2025-02-06,Matale,Okra,270.0,2,Maha,2025
2025-02-13,Kandy,Beans,425.0,2,Maha,2025
2025-02-13,Kandy,Cabbage,235.0,2,Maha,2025
2025-02-13,Kandy,Carrots,660.0,2,Maha,2025
2025-02-13,Kandy,Leeks,230.0,2,Maha,2025
2025-02-13,Kandy,Okra,270.0,2,Maha,2025
2025-02-13,Matale,Beans,415.0,2,Maha,2025
2025-02-13,Matale,Cabbage,220.0,2,Maha,2025
2025-02-13,Matale,Carrots,540.0,2,Maha,2025
2025-02-13,Matale,Leeks,250.0,2,Maha,2025
2025-02-13,Matale,Okra,265.0,2,Maha,2025
2025-02-20,Kandy,Beans,325.0,2,Maha,2025
2025-02-20,Kandy,Cabbage,290.0,2,Maha,2025
2025-02-20,Kandy,Carrots,825.0,2,Maha,2025
2025-02-20,Kandy,Leeks,260.0,2,Maha,2025
2025-02-20,Kandy,Okra,255.0,2,Maha,2025
2025-02-20,Matale,Beans,415.0,2,Maha,2025
2025-02-20,Matale,Cabbage,240.0,2,Maha,2025
2025-02-20,Matale,Carrots,540.0,2,Maha,2025
2025-02-20,Matale,Leeks,250.0,2,Maha,2025
2025-02-20,Matale,Okra,265.0,2,Maha,2025
2025-02-27,Kandy,Beans,240.0,2,Maha,2025
2025-02-27,Kandy,Cabbage,275.0,2,Maha,2025
2025-02-27,Kandy,Carrots,675.0,2,Maha,2025
2025-02-27,Kandy,Leeks,210.0,2,Maha,2025
2025-02-27,Kandy,Okra,225.0,2,Maha,2025
2025-02-27,Matale,Beans,190.0,2,Maha,2025
2025-02-27,Matale,Cabbage,275.0,2,Maha,2025
2025-02-27,Matale,Carrots,750.0,2,Maha,2025
2025-02-27,Matale,Leeks,200.0,2,Maha,2025
2025-02-27,Matale,Okra,200.0,2,Maha,2025
2025-03-06,Kandy,Beans,165.0,3,Maha,2025
2025-03-06,Kandy,Cabbage,235.0,3,Maha,2025
2025-03-06,Kandy,Carrots,675.0,3,Maha,2025
2025-03-06,Kandy,Leeks,190.0,3,Maha,2025
2025-03-06,Kandy,Okra,210.0,3,Maha,2025
2025-03-06,Matale,Beans,145.0,3,Maha,2025
2025-03-06,Matale,Cabbage,275.0,3,Maha,2025
2025-03-06,Matale,Carrots,675.0,3,Maha,2025
2025-03-06,Matale,Leeks,175.0,3,Maha,2025
2025-03-06,Matale,Okra,190.0,3,Maha,2025
2025-03-13,Kandy,Beans,475.0,3,Maha,2025
2025-03-13,Kandy,Cabbage,225.0,3,Maha,2025
2025-03-13,Kandy,Carrots,675.0,3,Maha,2025
2025-03-13,Kandy,Leeks,210.0,3,Maha,2025
2025-03-13,Kandy,Okra,255.0,3,Maha,2025
2025-03-13,Matale,Beans,400.0,3,Maha,2025
2025-03-13,Matale,Cabbage,240.0,3,Maha,2025
2025-03-13,Matale,Carrots,650.0,3,Maha,2025
2025-03-13,Matale,Leeks,180.0,3,Maha,2025
2025-03-13,Matale,Okra,240.0,3,Maha,2025
2025-03-20,Kandy,Beans,475.0,3,Maha,2025
2025-03-20,Kandy,Cabbage,235.0,3,Maha,2025
2025-03-20,Kandy,Carrots,475.0,3,Maha,2025
2025-03-20,Kandy,Leeks,160.0,3,Maha,2025
2025-03-20,Kandy,Okra,255.0,3,Maha,2025
2025-03-20,Matale,Beans,400.0,3,Maha,2025
2025-03-20,Matale,Cabbage,225.0,3,Maha,2025
2025-03-20,Matale,Carrots,600.0,3,Maha,2025
2025-03-20,Matale,Leeks,160.0,3,Maha,2025
2025-03-20,Matale,Okra,240.0,3,Maha,2025
2025-03-27,Kandy,Beans,475.0,3,Maha,2025
2025-03-27,Kandy,Cabbage,235.0,3,Maha,2025
2025-03-27,Kandy,Carrots,475.0,3,Maha,2025
2025-03-27,Kandy,Leeks,160.0,3,Maha,2025
2025-03-27,Kandy,Okra,255.0,3,Maha,2025
2025-03-27,Matale,Beans,400.0,3,Maha,2025
2025-03-27,Matale,Cabbage,225.0,3,Maha,2025
2025-03-27,Matale,Carrots,600.0,3,Maha,2025
2025-03-27,Matale,Leeks,160.0,3,Maha,2025
2025-03-27,Matale,Okra,240.0,3,Maha,2025
2025-04-03,Kandy,Beans,475.0,4,Yala,2025
2025-04-03,Kandy,Cabbage,230.0,4,Yala,2025
2025-04-03,Kandy,Carrots,465.0,4,Yala,2025
2025-04-03,Kandy,Leeks,130.0,4,Yala,2025
2025-04-03,Kandy,Okra,255.0,4,Yala,2025
2025-04-03,Matale,Beans,565.0,4,Yala,2025
2025-04-03,Matale,Cabbage,215.0,4,Yala,2025
2025-04-03,Matale,Carrots,525.0,4,Yala,2025
2025-04-03,Matale,Leeks,150.0,4,Yala,2025
2025-04-03,Matale,Okra,255.0,4,Yala,2025
2025-04-10,Kandy,Beans,425.0,4,Yala,2025
2025-04-10,Kandy,Cabbage,145.0,4,Yala,2025
2025-04-10,Kandy,Carrots,275.0,4,Yala,2025
2025-04-10,Kandy,Leeks,110.0,4,Yala,2025
2025-04-10,Kandy,Okra,255.0,4,Yala,2025
2025-04-10,Matale,Beans,415.0,4,Yala,2025
2025-04-10,Matale,Cabbage,190.0,4,Yala,2025
2025-04-10,Matale,Carrots,340.0,4,Yala,2025
2025-04-10,Matale,Leeks,150.0,4,Yala,2025
2025-04-10,Matale,Okra,240.0,4,Yala,2025
2025-04-24,Kandy,Beans,375.0,4,Yala,2025
2025-04-24,Kandy,Cabbage,235.0,4,Yala,2025
2025-04-24,Kandy,Carrots,400.0,4,Yala,2025
2025-04-24,Kandy,Leeks,130.0,4,Yala,2025
2025-04-24,Kandy,Okra,230.0,4,Yala,2025
2025-04-24,Matale,Beans,325.0,4,Yala,2025
2025-04-24,Matale,Cabbage,235.0,4,Yala,2025
2025-04-24,Matale,Carrots,300.0,4,Yala,2025
2025-04-24,Matale,Leeks,125.0,4,Yala,2025
2025-04-24,Matale,Okra,200.0,4,Yala,2025
2025-05-01,Kandy,Beans,475.0,5,Yala,2025
2025-05-01,Kandy,Cabbage,260.0,5,Yala,2025
2025-05-01,Kandy,Carrots,375.0,5,Yala,2025
2025-05-01,Kandy,Leeks,140.0,5,Yala,2025
2025-05-01,Kandy,Okra,270.0,5,Yala,2025
2025-05-01,Matale,Beans,475.0,5,Yala,2025
2025-05-01,Matale,Cabbage,285.0,5,Yala,2025
2025-05-01,Matale,Carrots,425.0,5,Yala,2025
2025-05-01,Matale,Leeks,165.0,5,Yala,2025
2025-05-01,Matale,Okra,225.0,5,Yala,2025
2025-05-08,Kandy,Beans,575.0,5,Yala,2025
2025-05-08,Kandy,Cabbage,285.0,5,Yala,2025
2025-05-08,Kandy,Carrots,675.0,5,Yala,2025
2025-05-08,Kandy,Leeks,140.0,5,Yala,2025
2025-05-08,Kandy,Okra,275.0,5,Yala,2025
2025-05-08,Matale,Beans,600.0,5,Yala,2025
2025-05-08,Matale,Cabbage,325.0,5,Yala,2025
2025-05-08,Matale,Carrots,725.0,5,Yala,2025
2025-05-08,Matale,Leeks,165.0,5,Yala,2025
2025-05-08,Matale,Okra,225.0,5,Yala,2025
2025-05-15,Kandy,Beans,425.0,5,Yala,2025
2025-05-15,Kandy,Cabbage,325.0,5,Yala,2025
2025-05-15,Kandy,Carrots,825.0,5,Yala,2025
2025-05-15,Kandy,Leeks,190.0,5,Yala,2025
2025-05-15,Kandy,Okra,115.0,5,Yala,2025
2025-05-15,Matale,Beans,425.0,5,Yala,2025
2025-05-15,Matale,Cabbage,325.0,5,Yala,2025
2025-05-15,Matale,Carrots,800.0,5,Yala,2025
2025-05-15,Matale,Leeks,200.0,5,Yala,2025
2025-05-15,Matale,Okra,110.0,5,Yala,2025
2025-05-22,Kandy,Beans,225.0,5,Yala,2025
2025-05-22,Kandy,Cabbage,310.0,5,Yala,2025
2025-05-22,Kandy,Carrots,765.0,5,Yala,2025
2025-05-22,Kandy,Leeks,190.0,5,Yala,2025
2025-05-22,Kandy,Okra,150.0,5,Yala,2025
2025-05-22,Matale,Beans,250.0,5,Yala,2025
2025-05-22,Matale,Cabbage,315.0,5,Yala,2025
2025-05-22,Matale,Carrots,750.0,5,Yala,2025
2025-05-22,Matale,Leeks,200.0,5,Yala,2025
2025-05-22,Matale,Okra,165.0,5,Yala,2025
2025-05-29,Kandy,Beans,225.0,5,Yala,2025
2025-05-29,Kandy,Cabbage,275.0,5,Yala,2025
2025-05-29,Kandy,Carrots,525.0,5,Yala,2025
2025-05-29,Kandy,Leeks,200.0,5,Yala,2025
2025-05-29,Kandy,Okra,130.0,5,Yala,2025
2025-05-29,Matale,Beans,250.0,5,Yala,2025
2025-05-29,Matale,Cabbage,250.0,5,Yala,2025
2025-05-29,Matale,Carrots,575.0,5,Yala,2025
2025-05-29,Matale,Leeks,200.0,5,Yala,2025
2025-05-29,Matale,Okra,130.0,5,Yala,2025
2025-06-05,Kandy,Beans,375.0,6,Yala,2025
2025-06-05,Kandy,Cabbage,290.0,6,Yala,2025
2025-06-05,Kandy,Carrots,675.0,6,Yala,2025
2025-06-05,Kandy,Leeks,265.0,6,Yala,2025
2025-06-05,Kandy,Okra,110.0,6,Yala,2025
2025-06-05,Matale,Beans,475.0,6,Yala,2025
2025-06-05,Matale,Cabbage,305.0,6,Yala,2025
2025-06-05,Matale,Carrots,500.0,6,Yala,2025
2025-06-05,Matale,Leeks,275.0,6,Yala,2025
2025-06-05,Matale,Okra,70.0,6,Yala,2025
2025-06-12,Kandy,Beans,375.0,6,Yala,2025
2025-06-12,Kandy,Cabbage,365.0,6,Yala,2025
2025-06-12,Kandy,Carrots,665.0,6,Yala,2025
2025-06-12,Kandy,Leeks,310.0,6,Yala,2025
2025-06-12,Kandy,Okra,110.0,6,Yala,2025
2025-06-12,Matale,Beans,400.0,6,Yala,2025
2025-06-12,Matale,Cabbage,325.0,6,Yala,2025
2025-06-12,Matale,Carrots,600.0,6,Yala,2025
2025-06-12,Matale,Leeks,330.0,6,Yala,2025
2025-06-12,Matale,Okra,70.0,6,Yala,2025
2025-06-19,Kandy,Beans,475.0,6,Yala,2025
2025-06-19,Kandy,Cabbage,275.0,6,Yala,2025
2025-06-19,Kandy,Carrots,425.0,6,Yala,2025
2025-06-19,Kandy,Leeks,235.0,6,Yala,2025
2025-06-19,Kandy,Okra,85.0,6,Yala,2025
2025-06-19,Matale,Beans,475.0,6,Yala,2025
2025-06-19,Matale,Cabbage,305.0,6,Yala,2025
2025-06-19,Matale,Carrots,500.0,6,Yala,2025
2025-06-19,Matale,Leeks,275.0,6,Yala,2025
2025-06-19,Matale,Okra,60.0,6,Yala,2025
2025-06-26,Kandy,Beans,575.0,6,Yala,2025
2025-06-26,Kandy,Cabbage,215.0,6,Yala,2025
2025-06-26,Kandy,Carrots,340.0,6,Yala,2025
2025-06-26,Kandy,Leeks,210.0,6,Yala,2025
2025-06-26,Kandy,Okra,105.0,6,Yala,2025
2025-06-26,Matale,Beans,515.0,6,Yala,2025
2025-06-26,Matale,Cabbage,175.0,6,Yala,2025
2025-06-26,Matale,Carrots,325.0,6,Yala,2025
2025-06-26,Matale,Leeks,215.0,6,Yala,2025
2025-06-26,Matale,Okra,105.0,6,Yala,2025
2025-07-03,Kandy,Beans,425.0,7,Yala,2025
2025-07-03,Kandy,Cabbage,185.0,7,Yala,2025
2025-07-03,Kandy,Carrots,240.0,7,Yala,2025
2025-07-03,Kandy,Leeks,160.0,7,Yala,2025
2025-07-03,Kandy,Okra,85.0,7,Yala,2025
2025-07-03,Matale,Beans,475.0,7,Yala,2025
2025-07-03,Matale,Cabbage,196.0,7,Yala,2025
2025-07-03,Matale,Carrots,195.0,7,Yala,2025
2025-07-03,Matale,Leeks,155.0,7,Yala,2025
2025-07-03,Matale,Okra,95.0,7,Yala,2025
2025-07-10,Kandy,Beans,375.0,7,Yala,2025
2025-07-10,Kandy,Cabbage,235.0,7,Yala,2025
2025-07-10,Kandy,Carrots,300.0,7,Yala,2025
2025-07-10,Kandy,Leeks,155.0,7,Yala,2025
2025-07-10,Kandy,Okra,85.0,7,Yala,2025
2025-07-10,Matale,Beans,350.0,7,Yala,2025
2025-07-10,Matale,Cabbage,300.0,7,Yala,2025
2025-07-10,Matale,Carrots,300.0,7,Yala,2025
2025-07-10,Matale,Leeks,180.0,7,Yala,2025
2025-07-10,Matale,Okra,85.0,7,Yala,2025
2025-07-17,Kandy,Beans,325.0,7,Yala,2025
2025-07-17,Kandy,Cabbage,215.0,7,Yala,2025
2025-07-17,Kandy,Carrots,300.0,7,Yala,2025
2025-07-17,Kandy,Leeks,155.0,7,Yala,2025
2025-07-17,Kandy,Okra,75.0,7,Yala,2025
2025-07-17,Matale,Beans,365.0,7,Yala,2025
2025-07-17,Matale,Cabbage,165.0,7,Yala,2025
2025-07-17,Matale,Carrots,275.0,7,Yala,2025
2025-07-17,Matale,Leeks,175.0,7,Yala,2025
2025-07-17,Matale,Okra,60.0,7,Yala,2025
2025-07-24,Kandy,Beans,400.0,7,Yala,2025
2025-07-24,Kandy,Cabbage,150.0,7,Yala,2025
2025-07-24,Kandy,Carrots,310.0,7,Yala,2025
2025-07-24,Kandy,Leeks,155.0,7,Yala,2025
2025-07-24,Kandy,Okra,75.0,7,Yala,2025
2025-07-24,Matale,Beans,380.0,7,Yala,2025
2025-07-24,Matale,Cabbage,160.0,7,Yala,2025
2025-07-24,Matale,Carrots,265.0,7,Yala,2025
2025-07-24,Matale,Leeks,150.0,7,Yala,2025
2025-07-24,Matale,Okra,65.0,7,Yala,2025
2025-07-31,Kandy,Beans,675.0,7,Yala,2025
2025-07-31,Kandy,Cabbage,120.0,7,Yala,2025
2025-07-31,Kandy,Carrots,265.0,7,Yala,2025
2025-07-31,Kandy,Leeks,130.0,7,Yala,2025
2025-07-31,Kandy,Okra,95.0,7,Yala,2025
2025-07-31,Matale,Beans,525.0,7,Yala,2025
2025-07-31,Matale,Cabbage,150.0,7,Yala,2025
2025-07-31,Matale,Carrots,245.0,7,Yala,2025
2025-07-31,Matale,Leeks,115.0,7,Yala,2025
2025-07-31,Matale,Okra,85.0,7,Yala,2025
2025-08-07,Kandy,Beans,625.0,8,Yala,2025
2025-08-07,Kandy,Cabbage,165.0,8,Yala,2025
2025-08-07,Kandy,Carrots,315.0,8,Yala,2025
2025-08-07,Kandy,Leeks,125.0,8,Yala,2025
2025-08-07,Kandy,Okra,115.0,8,Yala,2025
2025-08-07,Matale,Beans,575.0,8,Yala,2025
2025-08-07,Matale,Cabbage,175.0,8,Yala,2025
2025-08-07,Matale,Carrots,300.0,8,Yala,2025
2025-08-07,Matale,Leeks,120.0,8,Yala,2025
2025-08-07,Matale,Okra,80.0,8,Yala,2025
2025-08-14,Kandy,Beans,575.0,8,Yala,2025
2025-08-14,Kandy,Cabbage,185.0,8,Yala,2025
2025-08-14,Kandy,Carrots,475.0,8,Yala,2025
2025-08-14,Kandy,Leeks,130.0,8,Yala,2025
2025-08-14,Kandy,Okra,105.0,8,Yala,2025
2025-08-14,Matale,Beans,600.0,8,Yala,2025
2025-08-14,Matale,Cabbage,175.0,8,Yala,2025
2025-08-14,Matale,Carrots,535.0,8,Yala,2025
2025-08-14,Matale,Leeks,130.0,8,Yala,2025
2025-08-14,Matale,Okra,75.0,8,Yala,2025
2025-08-21,Kandy,Beans,525.0,8,Yala,2025
2025-08-21,Kandy,Cabbage,115.0,8,Yala,2025
2025-08-21,Kandy,Carrots,315.0,8,Yala,2025
2025-08-21,Kandy,Leeks,95.0,8,Yala,2025
2025-08-21,Kandy,Okra,100.0,8,Yala,2025
2025-08-21,Matale,Beans,475.0,8,Yala,2025
2025-08-21,Matale,Cabbage,145.0,8,Yala,2025
2025-08-21,Matale,Carrots,340.0,8,Yala,2025
2025-08-21,Matale,Leeks,120.0,8,Yala,2025
2025-08-21,Matale,Okra,75.0,8,Yala,2025
2025-08-28,Kandy,Beans,375.0,8,Yala,2025
2025-08-28,Kandy,Cabbage,135.0,8,Yala,2025
2025-08-28,Kandy,Carrots,290.0,8,Yala,2025
2025-08-28,Kandy,Leeks,145.0,8,Yala,2025
2025-08-28,Kandy,Okra,115.0,8,Yala,2025
2025-08-28,Matale,Beans,410.0,8,Yala,2025
2025-08-28,Matale,Cabbage,175.0,8,Yala,2025
2025-08-28,Matale,Carrots,265.0,8,Yala,2025
2025-08-28,Matale,Leeks,115.0,8,Yala,2025
2025-08-28,Matale,Okra,95.0,8,Yala,2025
2025-09-04,Kandy,Beans,315.0,9,Yala,2025
2025-09-04,Kandy,Cabbage,115.0,9,Yala,2025
2025-09-04,Kandy,Carrots,235.0,9,Yala,2025
2025-09-04,Kandy,Leeks,105.0,9,Yala,2025
2025-09-04,Kandy,Okra,115.0,9,Yala,2025
2025-09-04,Matale,Beans,305.0,9,Yala,2025
2025-09-04,Matale,Cabbage,160.0,9,Yala,2025
2025-09-04,Matale,Carrots,240.0,9,Yala,2025
2025-09-04,Matale,Leeks,115.0,9,Yala,2025
2025-09-04,Matale,Okra,100.0,9,Yala,2025
2025-09-11,Kandy,Beans,365.0,9,Yala,2025
2025-09-11,Kandy,Cabbage,140.0,9,Yala,2025
2025-09-11,Kandy,Carrots,260.0,9,Yala,2025
2025-09-11,Kandy,Leeks,135.0,9,Yala,2025
2025-09-11,Kandy,Okra,135.0,9,Yala,2025
2025-09-11,Matale,Beans,300.0,9,Yala,2025
2025-09-11,Matale,Cabbage,145.0,9,Yala,2025
2025-09-11,Matale,Carrots,225.0,9,Yala,2025
2025-09-11,Matale,Leeks,115.0,9,Yala,2025
2025-09-11,Matale,Okra,115.0,9,Yala,2025
2025-09-18,Kandy,Beans,375.0,9,Yala,2025
2025-09-18,Kandy,Cabbage,95.0,9,Yala,2025
2025-09-18,Kandy,Carrots,190.0,9,Yala,2025
2025-09-18,Kandy,Leeks,95.0,9,Yala,2025
2025-09-18,Kandy,Okra,155.0,9,Yala,2025
2025-09-18,Matale,Beans,280.0,9,Yala,2025
2025-09-18,Matale,Cabbage,105.0,9,Yala,2025
2025-09-18,Matale,Carrots,170.0,9,Yala,2025
2025-09-18,Matale,Leeks,90.0,9,Yala,2025
2025-09-18,Matale,Okra,140.0,9,Yala,2025
2025-09-25,Kandy,Beans,265.0,9,Yala,2025
2025-09-25,Kandy,Cabbage,85.0,9,Yala,2025
2025-09-25,Kandy,Carrots,135.0,9,Yala,2025
2025-09-25,Kandy,Leeks,95.0,9,Yala,2025
2025-09-25,Kandy,Okra,155.0,9,Yala,2025
2025-09-25,Matale,Beans,300.0,9,Yala,2025
2025-09-25,Matale,Cabbage,85.0,9,Yala,2025
2025-09-25,Matale,Carrots,105.0,9,Yala,2025
2025-09-25,Matale,Leeks,85.0,9,Yala,2025
2025-09-25,Matale,Okra,155.0,9,Yala,2025
2025-10-02,Kandy,Beans,265.0,10,Maha,2025
2025-10-02,Kandy,Cabbage,70.0,10,Maha,2025
2025-10-02,Kandy,Carrots,140.0,10,Maha,2025
2025-10-02,Kandy,Leeks,85.0,10,Maha,2025
2025-10-02,Kandy,Okra,165.0,10,Maha,2025
2025-10-02,Matale,Beans,275.0,10,Maha,2025
2025-10-02,Matale,Cabbage,70.0,10,Maha,2025
2025-10-02,Matale,Carrots,135.0,10,Maha,2025
2025-10-02,Matale,Leeks,90.0,10,Maha,2025
2025-10-02,Matale,Okra,130.0,10,Maha,2025
2025-10-09,Kandy,Beans,275.0,10,Maha,2025
2025-10-09,Kandy,Cabbage,60.0,10,Maha,2025
2025-10-09,Kandy,Carrots,115.0,10,Maha,2025
2025-10-09,Kandy,Leeks,155.0,10,Maha,2025
2025-10-09,Kandy,Okra,165.0,10,Maha,2025
2025-10-09,Matale,Beans,275.0,10,Maha,2025
2025-10-09,Matale,Cabbage,90.0,10,Maha,2025
2025-10-09,Matale,Carrots,135.0,10,Maha,2025
2025-10-09,Matale,Leeks,110.0,10,Maha,2025
2025-10-09,Matale,Okra,110.0,10,Maha,2025
2025-10-16,Kandy,Beans,285.0,10,Maha,2025
2025-10-16,Kandy,Cabbage,60.0,10,Maha,2025
2025-10-16,Kandy,Carrots,110.0,10,Maha,2025
2025-10-16,Kandy,Leeks,105.0,10,Maha,2025
2025-10-16,Kandy,Okra,145.0,10,Maha,2025
2025-10-16,Matale,Beans,205.0,10,Maha,2025
2025-10-16,Matale,Cabbage,80.0,10,Maha,2025
2025-10-16,Matale,Carrots,100.0,10,Maha,2025
2025-10-16,Matale,Leeks,90.0,10,Maha,2025
2025-10-16,Matale,Okra,110.0,10,Maha,2025
2025-10-23,Kandy,Beans,185.0,10,Maha,2025
2025-10-23,Kandy,Cabbage,60.0,10,Maha,2025
2025-10-23,Kandy,Carrots,115.0,10,Maha,2025
2025-10-23,Kandy,Leeks,95.0,10,Maha,2025
2025-10-23,Kandy,Okra,110.0,10,Maha,2025
2025-10-23,Matale,Beans,225.0,10,Maha,2025
2025-10-23,Matale,Cabbage,75.0,10,Maha,2025
2025-10-23,Matale,Carrots,120.0,10,Maha,2025
2025-10-23,Matale,Leeks,80.0,10,Maha,2025
2025-10-23,Matale,Okra,110.0,10,Maha,2025
2025-10-30,Kandy,Beans,335.0,10,Maha,2025
2025-10-30,Kandy,Cabbage,70.0,10,Maha,2025
2025-10-30,Kandy,Carrots,120.0,10,Maha,2025
2025-10-30,Kandy,Leeks,95.0,10,Maha,2025
2025-10-30,Kandy,Okra,145.0,10,Maha,2025
2025-10-30,Matale,Beans,325.0,10,Maha,2025
2025-10-30,Matale,Cabbage,90.0,10,Maha,2025
2025-10-30,Matale,Carrots,120.0,10,Maha,2025
2025-10-30,Matale,Leeks,115.0,10,Maha,2025
2025-10-30,Matale,Okra,110.0,10,Maha,2025
2025-11-06,Kandy,Beans,425.0,11,Maha,2025
2025-11-06,Kandy,Cabbage,70.0,11,Maha,2025
2025-11-06,Kandy,Carrots,170.0,11,Maha,2025
2025-11-06,Kandy,Leeks,140.0,11,Maha,2025
2025-11-06,Kandy,Okra,160.0,11,Maha,2025
2025-11-06,Matale,Beans,325.0,11,Maha,2025
2025-11-06,Matale,Cabbage,85.0,11,Maha,2025
2025-11-06,Matale,Carrots,150.0,11,Maha,2025
2025-11-06,Matale,Leeks,120.0,11,Maha,2025
2025-11-06,Matale,Okra,125.0,11,Maha,2025
2025-11-13,Kandy,Beans,265.0,11,Maha,2025
2025-11-13,Kandy,Cabbage,70.0,11,Maha,2025
2025-11-13,Kandy,Carrots,160.0,11,Maha,2025
2025-11-13,Kandy,Leeks,125.0,11,Maha,2025
2025-11-13,Kandy,Okra,125.0,11,Maha,2025
2025-11-13,Matale,Beans,250.0,11,Maha,2025
2025-11-13,Matale,Cabbage,110.0,11,Maha,2025
2025-11-13,Matale,Carrots,145.0,11,Maha,2025
2025-11-13,Matale,Leeks,135.0,11,Maha,2025
2025-11-13,Matale,Okra,110.0,11,Maha,2025
2025-11-20,Kandy,Beans,300.0,11,Maha,2025
2025-11-20,Kandy,Cabbage,80.0,11,Maha,2025
2025-11-20,Kandy,Carrots,140.0,11,Maha,2025
2025-11-20,Kandy,Leeks,110.0,11,Maha,2025
2025-11-20,Kandy,Okra,100.0,11,Maha,2025
2025-11-20,Matale,Beans,250.0,11,Maha,2025
2025-11-20,Matale,Cabbage,90.0,11,Maha,2025
2025-11-20,Matale,Carrots,110.0,11,Maha,2025
2025-11-20,Matale,Leeks,90.0,11,Maha,2025
2025-11-20,Matale,Okra,60.0,11,Maha,2025
2025-12-04,Kandy,Beans,750.0,12,Maha,2025
2025-12-04,Kandy,Cabbage,110.0,12,Maha,2025
2025-12-04,Kandy,Carrots,365.0,12,Maha,2025
2025-12-04,Kandy,Leeks,365.0,12,Maha,2025
2025-12-04,Kandy,Okra,240.0,12,Maha,2025
2025-12-04,Matale,Beans,750.0,12,Maha,2025
2025-12-04,Matale,Cabbage,85.0,12,Maha,2025
2025-12-04,Matale,Carrots,375.0,12,Maha,2025
2025-12-04,Matale,Leeks,300.0,12,Maha,2025
2025-12-04,Matale,Okra,180.0,12,Maha,2025
